ticker,headline,source,publish_date,url,language
AAPL,"Apple Inc. (AAPL) Leverages AWS AI Chips for Apple Intelligence Pretraining, Highlights Collaboration at AWS re:Invent",Yahoo Entertainment,2024-12-06T01:32:28Z,https://finance.yahoo.com/news/apple-inc-aapl-leverages-aws-013228196.html,en
AAPL,"Apple is nowhere to be found in this year's smartphone sales rebound, researchers say",Quartz India,2024-11-27T13:15:00Z,https://qz.com/apple-iphone-sales-growth-genai-ai-android-tim-cook-1851709136,en
AAPL,Apple could hit a $4 trillion market cap by early 2025,Quartz India,2024-12-23T13:20:00Z,https://qz.com/apple-appl-ai-intelligence-4-trillion-market-cap-2025-1851727371,en
AAPL,"Apple, Nvidia, and Microsoft are America's best-managed companies right now, report says",Quartz India,2024-12-09T13:24:00Z,https://qz.com/apple-nvidia-microsoft-intel-best-managed-companies-1851716404,en
AAPL,"Apple's ecosystem is a 'prison yard' and 'panopticon' for employees, lawsuit claims",Quartz India,2024-12-04T14:10:00Z,https://qz.com/apple-lawsuit-free-speech-privacy-iphone-employee-1851713135,en
AAPL,Apple users can now access ChatGPT through Siri,Quartz India,2024-12-11T13:35:00Z,https://qz.com/apple-ios-18-chatgpt-siri-openai-intelligence-ai-1851718275,en
AAPL,We asked 5 AI chatbots to pick stocks for 2025. Here's what they said,Quartz India,2024-12-19T19:37:00Z,https://qz.com/ai-chatbot-prediction-stocks-2025-chatgpt-gemini-meta-1851725553,en
AAPL,Apple is working on a foldable iPhone,Quartz India,2024-12-16T13:21:00Z,https://qz.com/apple-iphone-foldable-smartphone-huawei-samsung-1851721697,en
AAPL,"Intel ousts its CEO, Mark Zuckerberg eyes Trump, and Elon Musk loses again: Tech news roundup",Quartz India,2024-12-07T14:00:00Z,https://qz.com/intel-ceo-mark-zuckerberg-donald-trump-elon-musk-tesla-1851715655,en
AAPL,"McDonald's E. coli closure, Cyber Monday beats Black Friday, and Chipotle raises prices: Retail news roundup",Quartz India,2024-12-06T10:00:00Z,https://qz.com/mcdonalds-cyber-monday-black-friday-adobe-chipotle-reta-1851715033,en
AAPL,United Airlines will let passengers share AirTag locations to find lost baggage,Quartz India,2024-12-12T16:25:00Z,https://qz.com/united-airlines-app-airtag-lost-bags-1851719636,en
AAPL,Amazon's top 10 Black Friday deals under $50,Quartz India,2024-11-25T18:18:37Z,https://qz.com/amazon-black-friday-2024-deals-apple-charger-roku-tv-1851707328,en
AAPL,Walmart's top 10 Black Friday deals under $50,Quartz India,2024-11-27T10:00:00Z,https://qz.com/walmart-black-friday-2024-deals-apple-charger-xbox-1851708792,en
AAPL,A Tesla competitor is building iPads for Apple,Quartz India,2024-12-02T15:24:00Z,https://qz.com/byd-telsa-competitor-apple-ipads-china-1851711055,en
AAPL,"Amazon, Walmart, and Target's top 10 last minute Christmas deals",Quartz India,2024-12-19T10:00:00Z,https://qz.com/amazon-walmart-target-christmas-2024-deals-apple-se-1851724519,en
AAPL,"Amazon, Walmart, and Target's top 10 Cyber Monday deals",Quartz India,2024-12-02T22:40:00Z,https://qz.com/amazon-walmart-target-cyber-monday-2024-deals-apple-air-1851711599,en
AAPL,Quartz What's Ahead 2025,Quartz India,2024-12-16T10:17:00Z,https://qz.com/2025-predictions-ai-stocks-tech-bitcoin-banking-markets-1851720077,en
AAPL,Now you can buy crypto from Coinbase using Apple Pay,Quartz India,2024-12-02T18:58:00Z,https://qz.com/coinbase-crypto-apple-pay-1851711411,en
AAPL,"Market Clubhouse Morning Memo - November 25th, 2024 (Trade Strategy For SPY, QQQ, AAPL, MSFT, NVDA, GOOGL, META And TSLA)",Biztoc.com,2024-11-25T17:20:18Z,https://biztoc.com/x/d2382c2e7950d9ba,en
AAPL,Broadcom stock soars 20% as AI demand powers the company to a $1 trillion market cap,Quartz India,2024-12-13T15:46:00Z,https://qz.com/broadcom-stock-market-cap-ai-chip-apple-1851720618,en
AAPL,"AAPL, NVDA, or BABA: Which Tech Giant Could Offer the Highest Upside?",Yahoo Entertainment,2024-12-16T06:14:42Z,https://finance.yahoo.com/news/aapl-nvda-baba-tech-giant-061442510.html,en
AAPL,Congo files criminal complaint against Apple for alleged mineral smuggling,Biztoc.com,2024-12-17T22:19:48Z,https://biztoc.com/x/2eaac7409dfdcbdb,en
AAPL,China's top smartphone player is still years behind the U.S.,Quartz India,2024-12-11T16:25:29Z,https://qz.com/china-huawei-smartphone-competition-years-behind-chip-1851718404,en
AAPL,Cyber Monday beats Black Friday once again,Quartz India,2024-12-03T16:15:00Z,https://qz.com/cyber-monday-sales-beat-black-friday-adobe-retail-1851712180,en
AAPL,"Meta could outdo Google in the AI transformation, professor says",Quartz India,2024-11-25T23:01:00Z,https://qz.com/meta-supercharge-ai-advertising-google-undermine-search-1851707559,en
AAPL,"Christmas festivities and holiday deals, with no major earnings reports to watch this week",Quartz India,2024-12-22T10:00:00Z,https://qz.com/christmas-holiday-deals-no-major-earnings-this-week-1851725678,en
AAPL,The winners and losers of Black Friday,Quartz India,2024-12-02T18:12:00Z,https://qz.com/apple-target-homegoods-placer-ai-black-friday-winners-1851711236,en
AAPL,What Cruise's self-driving end means for Tesla and Waymo: Morning Brief,Yahoo Entertainment,2024-12-12T11:00:53Z,https://finance.yahoo.com/news/what-cruises-self-driving-end-means-for-tesla-and-waymo-morning-brief-110053822.html,en
AAPL,The AI Race Is On. Do Ambitious Startups Like OpenAI Stand A Chance Against Big Tech?,Investor's Business Daily,2024-12-16T13:00:03Z,https://www.investors.com/news/technology/ai-stocks-openai-artificial-intelligence-models-big-tech-google-meta/,en
AAPL,United Airlines integrates Apple’s new share item location feature for AirTag,Yahoo Entertainment,2024-12-13T13:06:12Z,https://finance.yahoo.com/news/united-airlines-integrates-apple-share-130612691.html,en
AAPL,"Apple Inc. (AAPL) Delays Smart Display HomePod Launch to 2025, Set to Feature Apple Intelligence Integration",Yahoo Entertainment,2024-12-10T03:13:52Z,https://consent.yahoo.com/v2/collectConsent?sessionId=1_cc-session_06a2cefc-2058-4de0-98ed-9df9ec3afa4c,en
AAPL,Will Apple Intelligence Kickstart A New Era Of Growth For Apple (AAPL)?,Yahoo Entertainment,2024-12-11T16:34:59Z,https://consent.yahoo.com/v2/collectConsent?sessionId=1_cc-session_97d2adda-0fa2-4e7f-a22b-dbc1df7cbddf,en
AAPL,Why Is Apple Inc. (AAPL) Among the Best Tech Stocks for Long Term Investment?,Yahoo Entertainment,2024-12-07T06:07:28Z,https://consent.yahoo.com/v2/collectConsent?sessionId=1_cc-session_6d738306-8f94-430e-bc48-b7972312a8ec,en
AAPL,AI Breakthroughs by Apple Inc. (AAPL): What’s Next for Apple’s AI Innovations?,Yahoo Entertainment,2024-12-18T07:21:27Z,https://finance.yahoo.com/news/ai-breakthroughs-apple-inc-aapl-072127509.html,en
AAPL,Apple (AAPL)’s AI Ambitions: Loop’s ‘Buy’ Rating and the Future of Apple Intelligence,Yahoo Entertainment,2024-12-03T18:50:40Z,https://consent.yahoo.com/v2/collectConsent?sessionId=1_cc-session_fffdaf5c-358d-4463-974e-a0375ce2787a,en
AAPL,Is Apple Inc. (AAPL) Dominating A Billionaire Quant’s Investment Strategy Right Now?,Yahoo Entertainment,2024-12-07T18:27:35Z,https://consent.yahoo.com/v2/collectConsent?sessionId=1_cc-session_f8a01535-a80f-45e2-86d2-4482678a1541,en
AAPL,Why Is Apple Inc. (AAPL) Among Halvorsen’s Top Stock Picks Right Now?,Yahoo Entertainment,2024-12-11T15:55:57Z,https://finance.yahoo.com/news/why-apple-inc-aapl-among-155557646.html,en
AAPL,Jim Cramer Says ‘Just Own’ Apple (AAPL) Stock Amid Elongated iPhone Upgrade Cycle,Yahoo Entertainment,2024-12-11T18:56:49Z,https://consent.yahoo.com/v2/collectConsent?sessionId=1_cc-session_d5b87a41-73d4-4d63-994b-d34ba98e5272,en
AAPL,Processing JDBC ResultSet with Stream API,Javacodegeeks.com,2024-12-05T16:09:00Z,https://www.javacodegeeks.com/processing-jdbc-resultset-with-stream-api.html,en
AAPL,Jeff Bezos is betting millions on a Nvidia rival,Quartz India,2024-12-02T13:37:00Z,https://qz.com/jeff-bezos-expeditions-tenstorrent-nvidia-ai-chips-1851710966,en
AAPL,"Donald Trump just picked who will take over Google, Apple, Visa monopoly cases",Quartz India,2024-12-04T18:35:00Z,https://qz.com/donald-trump-administration-gail-slater-doj-antitrust-1851713629,en
AAPL,'Everybody wants to be my friend': Tech CEOs can't get enough of Donald Trump,Quartz India,2024-12-16T18:49:00Z,https://qz.com/donald-trump-tech-ceos-apple-google-amazon-cook-bezos-1851722093,en
AAPL,"Microsoft FTC probe 'not a complete shocker,' analyst says",Yahoo Entertainment,2024-11-29T15:35:16Z,https://finance.yahoo.com/news/microsoft-ftc-probe-not-a-complete-shocker-analyst-says-153516617.html,en
AAPL,Tesla Stock Leads Magnificent Seven Shares Higher,Investopedia,2024-12-24T15:49:59Z,https://www.investopedia.com/tesla-stock-leads-magnificent-seven-shares-higher-update-8766292,en
AAPL,"DBS Analyst Downgrades Apple Inc. (AAPL) to ‘Hold’ with $243 Price Target, Citing Valuation and Short-Term Challenges",Yahoo Entertainment,2024-12-11T05:29:07Z,https://consent.yahoo.com/v2/collectConsent?sessionId=1_cc-session_d8de8be0-5e3a-46f2-8888-dc843c2f0e0c,en
AAPL,"Apple Inc. (AAPL) Faces Setbacks in China as AI Integration Struggles with Baidu, Impacting iPhone 16 Sales",Yahoo Entertainment,2024-12-09T13:09:16Z,https://consent.yahoo.com/v2/collectConsent?sessionId=1_cc-session_782ab64c-8f7f-456d-9179-d19aac9dacbe,en
AAPL,"Apple Inc. (AAPL) to Launch In-House Modem and AI-Powered iPhone SE in 2024, Reducing Reliance on Qualcomm",Yahoo Entertainment,2024-12-08T16:08:11Z,https://finance.yahoo.com/news/apple-inc-aapl-launch-house-160811880.html,en
AAPL,"Bitcoin Crosses Above $101K as XRP, AI Tokens Lead Crypto Rally Following CPI",CoinDesk,2024-12-11T16:50:24Z,https://www.coindesk.com/markets/2024/12/11/bitcoin-crosses-above-101-k-as-xrp-ai-tokens-lead-crypto-rally,en
AAPL,Jobs Report: Implications For The Markets And The Fed,Forbes,2024-12-07T12:34:39Z,https://www.forbes.com/sites/bill_stone/2024/12/07/jobs-report-implications-for-the-markets-and-the-fed/,en
AAPL,Morgan Stanley Forecasts Stronger Enterprise Hardware Growth for 2025,Yahoo Entertainment,2024-12-17T17:36:38Z,https://finance.yahoo.com/news/morgan-stanley-forecasts-stronger-enterprise-173638248.html,en
AAPL,Will Sticky Inflation Stop The Fed Rate Cut?,Forbes,2024-12-15T12:00:00Z,https://www.forbes.com/sites/bill_stone/2024/12/15/will-sticky-inflation-stop-the-fed-rate-cut/,en
AAPL,Apple shares hit new all-time closing high,Macdailynews.com,2024-12-02T21:28:31Z,https://macdailynews.com/2024/12/02/apple-shares-hit-new-all-time-closing-high-241202/,en
AAPL,Apple shares hit new all-time closing high,Macdailynews.com,2024-12-12T21:20:55Z,https://macdailynews.com/2024/12/12/apple-shares-hit-new-all-time-closing-high-27/,en
AAPL,Jim Cramer on Apple Inc. (AAPL): ‘I Say Own It Don’t Trade It. . . It’s So Far The Biggest Position In Our Trust’,Yahoo Entertainment,2024-12-21T10:31:17Z,https://consent.yahoo.com/v2/collectConsent?sessionId=1_cc-session_5d094cad-ec91-463d-8d99-76b9cdfad7b0,en
AAPL,Apple shares hit new all-time intraday and closing highs,Macdailynews.com,2024-12-10T21:20:30Z,https://macdailynews.com/2024/12/10/apple-shares-hit-new-all-time-intraday-and-closing-highs-241210/,en
AAPL,Apple shares hit new all-time intraday and closing highs,Macdailynews.com,2024-12-20T21:19:43Z,https://macdailynews.com/2024/12/20/apple-shares-hit-new-all-time-intraday-and-closing-highs-241220/,en
AAPL,5 Top Stocks To Buy In December 2024,Forbes,2024-12-05T19:27:43Z,https://www.forbes.com/sites/investor-hub/article/best-stocks-buy-now-december-2024/,en
AAPL,Apple shares hit new all-time closing high,Macdailynews.com,2024-12-13T21:38:38Z,https://macdailynews.com/2024/12/13/apple-shares-hit-new-all-time-closing-high-28/,en
AAPL,Apple shares hit new all-time intraday and closing highs,Macdailynews.com,2024-12-05T21:29:47Z,https://macdailynews.com/2024/12/05/apple-shares-hit-new-all-time-intraday-and-closing-highs-241205/,en
AAPL,Apple shares hit new all-time intraday and closing highs,Macdailynews.com,2024-12-09T21:18:48Z,https://macdailynews.com/2024/12/09/apple-shares-hit-new-all-time-intraday-and-closing-highs-241209/,en
AAPL,Apple shares hit new all-time intraday and closing highs,Macdailynews.com,2024-12-17T21:17:09Z,https://macdailynews.com/2024/12/17/apple-shares-hit-new-all-time-intraday-and-closing-highs-85/,en
AAPL,5 Stock Buys And Sells From Top Billionaire Investors,Forbes,2024-12-07T20:21:55Z,https://www.forbes.com/sites/johndobosz/2024/12/07/5-stock-buys-and-sells-from-top-billionaire-investors/,en
AAPL,Apple shares hit new all-time closing high,Macdailynews.com,2024-12-03T21:22:29Z,https://macdailynews.com/2024/12/03/apple-shares-hit-new-all-time-closing-high-242103/,en
AAPL,Apple shares hit new all-time closing high,Macdailynews.com,2024-12-04T21:11:52Z,https://macdailynews.com/2024/12/04/apple-shares-hit-new-all-time-closing-high-241204/,en
AAPL,Apple shares hit new all-time intraday high,Macdailynews.com,2024-12-06T21:40:09Z,https://macdailynews.com/2024/12/06/apple-shares-hit-new-all-time-intraday-high-11/,en
AAPL,Apple shares hit new all-time intraday and closing highs,Macdailynews.com,2024-12-16T21:12:29Z,https://macdailynews.com/2024/12/16/apple-shares-hit-new-all-time-intraday-and-closing-highs-84/,en
AAPL,Western Digital、USB4対応のポータブルSSD「SanDisk Extreme PRO」や「WD_BLACK SN7100 NVMe SSD」などを発売。,Applech2.com,2024-12-02T05:54:33Z,https://applech2.com/archives/20241202-western-digital-sandisk-portable-ssd-2025.html,de
AAPL,"Palantir, MicroStrategy Likely To Join Nasdaq 100; Will Moderna, Super Micro Get The Axe?",Investor's Business Daily,2024-12-13T15:02:39Z,https://www.investors.com/news/palantir-microstrategy-join-nasdaq-100-moderna-super-micro/,en
AAPL,How To Earn $500 A Month From Apple Stock,Yahoo Entertainment,2024-11-27T17:21:15Z,https://finance.yahoo.com/news/earn-500-month-apple-stock-172115528.html,en
AAPL,Nvidia dominated 2024 big-time. Next year? Plenty of challenges.,Yahoo Entertainment,2024-12-24T11:00:47Z,https://finance.yahoo.com/news/nvidia-dominated-2024-big-time-next-year-plenty-of-challenges-110047391.html,en
AAPL,Apple Eyes $1 Billion Investment to Lift Indonesia's iPhone 16 Ban,Yahoo Entertainment,2024-12-04T10:26:30Z,https://finance.yahoo.com/news/apple-eyes-1-billion-investment-102630909.html,en
AAPL,Apple finally added ChatGPT to the iPhone. There's no guarantee it’ll boost sales.,Yahoo Entertainment,2024-12-19T15:36:35Z,https://finance.yahoo.com/news/apple-finally-added-chatgpt-to-the-iphone-theres-no-guarantee-itll-boost-sales-153635743.html,en
AAPL,5 Things to Know Before the Stock Market Opens,Investopedia,2024-12-10T12:46:45Z,https://www.investopedia.com/5-things-to-know-before-the-stock-market-opens-december-10-2024-8758727,en
AAPL,RayCue、Mac mini (2024)にUSB-A/-CやmicroSD/SDカードリーダー、HDMI、NVMe/SATA SSDを増設できるUSB-Cハブ「RayCue New M4/2024 Mac Mini Hub & Stand」を日本でも発売。,Applech2.com,2024-12-06T12:28:28Z,https://applech2.com/archives/20241206-raycue-new-m4-2024-mac-mini-hub-and-stand-in-japan.html,en
AAPL,Anker Japan、Eufy HomeBaseに対応するモーションセンサー「Security Motion Sensor」とドア窓開閉センサー「Security Entry Sensor」を発売。,Applech2.com,2024-12-25T07:20:53Z,https://applech2.com/archives/20241225-anker-japan-eufy-security-sensors.html,en
AAPL,米Anker、iPhone 15/16 Proシリーズのカメラをキズや汚れから守る「Anker Camera Lens Protector (ShieldX Glass)」を発売。,Applech2.com,2024-11-28T09:33:04Z,https://applech2.com/archives/20241128-anker-camera-lens-protector-for-iphone-15-and-16-pro.html,de
AAPL,Apple M3/M4 Pro/Maxチップ搭載のiMacやMac mini、MacBook Proのファン制御に対応した「Macs Fan Control v1.5.17」がリリース。,Applech2.com,2024-12-18T04:29:45Z,https://applech2.com/archives/20241218-macs-fan-control-support-m3-and-m4-mac.html,en
MSFT,Should Investors Be Cautious About Microsoft (MSFT) After Roth MKM’s $60 Billion Capital Raise?,Yahoo Entertainment,2024-12-17T18:25:53Z,https://consent.yahoo.com/v2/collectConsent?sessionId=1_cc-session_46eed4a2-2a71-45ca-9963-8c3275bc6fd9,en
MSFT,We asked 5 AI chatbots to pick stocks for 2025. Here's what they said,Quartz India,2024-12-19T19:37:00Z,https://qz.com/ai-chatbot-prediction-stocks-2025-chatgpt-gemini-meta-1851725553,en
MSFT,Microsoft's shareholders will decide this week whether to invest in Bitcoin,Quartz India,2024-12-08T10:00:00Z,https://qz.com/microsoft-vote-invest-bitcoin-1851715531,en
MSFT,"Bill Gates' book list, Elon Musk vs. Sam Altman, and Bob Iger's 4 a.m. wakeup: Leadership news roundup",Quartz India,2024-12-07T14:00:00Z,https://qz.com/bill-gates-elon-musk-sam-altman-bob-iger-donald-trump-1851715657,en
MSFT,The 4 books Bill Gates read this year to make 'sense of the world',Quartz India,2024-12-03T18:00:00Z,https://qz.com/bill-gates-book-recommend-ai-engineering-love-tech-1851711634,en
MSFT,Walmart's top 10 Black Friday deals under $50,Quartz India,2024-11-27T10:00:00Z,https://qz.com/walmart-black-friday-2024-deals-apple-charger-xbox-1851708792,en
MSFT,Nvidia's Blackwell chip could push the company into a new stratosphere as the AI revolution continues,Yahoo Entertainment,2024-12-18T11:00:15Z,https://finance.yahoo.com/news/nvidias-blackwell-chip-could-push-the-company-into-a-new-stratosphere-as-the-ai-revolution-continues-110015637.html,en
MSFT,Microsoft Shareholders Vote Down Bitcoin Treasury Proposal,CoinDesk,2024-12-10T17:04:10Z,https://www.coindesk.com/markets/2024/12/08/frame-microsoft-shareholders-decide-against-adding-bitcoin-to-its-treasury-bitcoin-dumps,en
MSFT,10 states where data centers use the most electricity,Quartz India,2024-12-02T13:30:00Z,https://qz.com/us-states-data-centers-electricity-use-share-ai-tech-1851708857,en
MSFT,"Market Clubhouse Morning Memo - November 25th, 2024 (Trade Strategy For SPY, QQQ, AAPL, MSFT, NVDA, GOOGL, META And TSLA)",Biztoc.com,2024-11-25T17:20:18Z,https://biztoc.com/x/d2382c2e7950d9ba,en
MSFT,Microsoft shareholders vote against Bitcoin investment,Quartz India,2024-12-10T17:20:00Z,https://qz.com/microsoft-shareholders-vote-against-invest-bitcoin-1851717592,en
MSFT,Sam Altman Clarifies on OpenAI’s ‘Tension’ With Microsoft (and Elon Musk),Biztoc.com,2024-12-06T00:05:25Z,https://biztoc.com/x/f5ef1ee01df810ef,en
MSFT,The Dow gains 200 points as Salesforce and other tech stocks rise,Quartz India,2024-12-04T15:38:00Z,https://qz.com/dow-salesforce-tech-stock-adp-report-rate-cuts-1851713262,en
MSFT,Nvidia stock climbs over 3.5% after slumping into correction territory,Quartz India,2024-12-18T16:37:00Z,https://qz.com/nvidia-stock-rise-correction-broadcom-ai-chip-microsoft-1851724078,en
MSFT,Microsoft Stock Today: Here's Why MSFT Stock Is Now A Buy In December,Investor's Business Daily,2024-12-13T20:15:57Z,https://www.investors.com/research/microsoft-stock-today-msft-stock-buy-december/,en
MSFT,Microsoft Corporation (MSFT) Is Among Billionaire Coleman’s Top Picks,Yahoo Entertainment,2024-12-25T12:03:48Z,https://consent.yahoo.com/v2/collectConsent?sessionId=1_cc-session_5e199a7e-c63b-406f-ab5e-05747878de7d,en
MSFT,"Apple, Nvidia, and Microsoft are America's best-managed companies right now, report says",Quartz India,2024-12-09T13:24:00Z,https://qz.com/apple-nvidia-microsoft-intel-best-managed-companies-1851716404,en
MSFT,"Amazon should buy Bitcoin, shareholders say",Quartz India,2024-12-09T16:42:04Z,https://qz.com/amazon-shareholders-add-bitcoin-1851716582,en
MSFT,The FTC is cracking down on a firm that claims its AI-powered face recognition tech has 'zero' bias,Quartz India,2024-12-03T17:32:06Z,https://qz.com/ftc-facial-recognition-tech-bias-claims-intellivision-1851712281,en
MSFT,Sam Altman has an Elon Musk and Donald Trump problem,Quartz India,2024-12-02T18:57:00Z,https://qz.com/sam-altman-elon-musk-donald-trump-doge-openai-ai-tech-1851711089,en
MSFT,Nvidia stock falls almost 3% as it faces an antitrust probe in China,Quartz India,2024-12-09T17:48:18Z,https://qz.com/nvidia-stock-fall-antitrust-investigation-china-ai-chip-1851716656,en
MSFT,Trump taps Elon Musk's ally and venture capitalist David Sacks as AI and crypto czar,Quartz India,2024-12-06T13:20:00Z,https://qz.com/trump-david-sacks-ai-crypto-czar-elon-musk-thiel-all-in-1851715245,en
MSFT,"Meta could outdo Google in the AI transformation, professor says",Quartz India,2024-11-25T23:01:00Z,https://qz.com/meta-supercharge-ai-advertising-google-undermine-search-1851707559,en
MSFT,Apple could hit a $4 trillion market cap by early 2025,Quartz India,2024-12-23T13:20:00Z,https://qz.com/apple-appl-ai-intelligence-4-trillion-market-cap-2025-1851727371,en
MSFT,The AI Race Is On. Do Ambitious Startups Like OpenAI Stand A Chance Against Big Tech?,Investor's Business Daily,2024-12-16T13:00:03Z,https://www.investors.com/news/technology/ai-stocks-openai-artificial-intelligence-models-big-tech-google-meta/,en
MSFT,Microsoft Corporation (MSFT) Sees Price Target Raised to $550 by Loop Capital Amid Strong AI Investments,Yahoo Entertainment,2024-12-24T20:55:59Z,https://consent.yahoo.com/v2/collectConsent?sessionId=1_cc-session_04c4e223-a7ab-4bd9-aa09-8fa5431358eb,en
MSFT,Nvidia dominated 2024 big-time. Next year? Plenty of challenges.,Yahoo Entertainment,2024-12-24T11:00:47Z,https://finance.yahoo.com/news/nvidia-dominated-2024-big-time-next-year-plenty-of-challenges-110047391.html,en
MSFT,Processing JDBC ResultSet with Stream API,Javacodegeeks.com,2024-12-05T16:09:00Z,https://www.javacodegeeks.com/processing-jdbc-resultset-with-stream-api.html,en
MSFT,Meta is the latest tech giant to turn to nuclear to power its AI ambitions,Quartz India,2024-12-04T13:15:00Z,https://qz.com/meta-platforms-nuclear-energy-ai-power-1851713076,en
MSFT,The top toy this Christmas? These contenders are leading the pack,Quartz India,2024-12-24T10:00:00Z,https://qz.com/christmas-toys-mattel-lego-ai-playstation-xbox-2024-1851718668,en
MSFT,"Costco, Oracle, GameStop, and more stocks to watch this week",Quartz India,2024-12-08T10:00:00Z,https://qz.com/costco-oracle-gamestop-broadcom-earnings-stocks-markets-1851715515,en
MSFT,"Analyst Points to ‘Unique Opportunity’ For Microsoft (MSFT) Search, Ads Business Amid Google Lawsuit",Yahoo Entertainment,2024-12-02T21:49:50Z,https://finance.yahoo.com/news/analyst-points-unique-opportunity-microsoft-214950086.html,en
MSFT,Why Microsoft Corporation (MSFT) Is Among the Best Stocks to Buy and Hold for 3 Years?,Yahoo Entertainment,2024-12-22T16:20:07Z,https://finance.yahoo.com/news/why-microsoft-corporation-msft-among-162007871.html,en
MSFT,Is Microsoft Corporation Inc. (MSFT) Dominating A Billionaire Quant’s Investment Strategy Right Now?,Yahoo Entertainment,2024-12-07T18:19:49Z,https://finance.yahoo.com/news/microsoft-corporation-inc-msft-dominating-181949127.html,en
MSFT,Why Is Microsoft Corp. (MSFT) Among the Best Tech Stocks for Long Term Investment?,Yahoo Entertainment,2024-12-07T06:14:41Z,https://finance.yahoo.com/news/why-microsoft-corp-msft-among-061441938.html,en
MSFT,"Microsoft Corporation (MSFT) Negotiates with OpenAI to Remove AGI Restriction, Enhancing Partnership Potential",Yahoo Entertainment,2024-12-08T18:27:55Z,https://finance.yahoo.com/news/microsoft-corporation-msft-negotiates-openai-182755089.html,en
MSFT,Here’s Why Microsoft Corporation (MSFT) is on Detractors’ list of RiverPark Large Growth Fund,Yahoo Entertainment,2024-12-18T15:57:13Z,https://consent.yahoo.com/v2/collectConsent?sessionId=1_cc-session_b857d883-5c0a-46b0-b22a-6067b62c6e30,en
MSFT,Jeff Bezos is betting millions on a Nvidia rival,Quartz India,2024-12-02T13:37:00Z,https://qz.com/jeff-bezos-expeditions-tenstorrent-nvidia-ai-chips-1851710966,en
MSFT,"Microsoft FTC probe 'not a complete shocker,' analyst says",Yahoo Entertainment,2024-11-29T15:35:16Z,https://finance.yahoo.com/news/microsoft-ftc-probe-not-a-complete-shocker-analyst-says-153516617.html,en
MSFT,Tesla Stock Leads Magnificent Seven Shares Higher,Investopedia,2024-12-24T15:49:59Z,https://www.investopedia.com/tesla-stock-leads-magnificent-seven-shares-higher-update-8766292,en
MSFT,"How Significant Is AI Chatbot Traffic In B2B? via @sejournal, @Kevin_Indig",Search Engine Journal,2024-12-10T14:30:30Z,https://www.searchenginejournal.com/how-significant-is-ai-chatbot-traffic-in-b2b/534940/,en
MSFT,5 Stock Buys And Sells From Top Billionaire Investors,Forbes,2024-12-07T20:21:55Z,https://www.forbes.com/sites/johndobosz/2024/12/07/5-stock-buys-and-sells-from-top-billionaire-investors/,en
MSFT,Jobs Report: Implications For The Markets And The Fed,Forbes,2024-12-07T12:34:39Z,https://www.forbes.com/sites/bill_stone/2024/12/07/jobs-report-implications-for-the-markets-and-the-fed/,en
MSFT,Less than 1% of Microsoft Shareholders Voted for BTC Proposal,CoinDesk,2024-12-12T05:08:18Z,https://www.coindesk.com/markets/2024/12/12/less-than-1-of-microsoft-shareholders-voted-for-btc-proposal,en
MSFT,Will Sticky Inflation Stop The Fed Rate Cut?,Forbes,2024-12-15T12:00:00Z,https://www.forbes.com/sites/bill_stone/2024/12/15/will-sticky-inflation-stop-the-fed-rate-cut/,en
MSFT,Should You Hold Microsoft (MSFT)?,Yahoo Entertainment,2024-12-03T14:03:07Z,https://finance.yahoo.com/news/hold-microsoft-msft-140307340.html,en
MSFT,Why Everything Everywhere All at Once isn’t just a movie — it’s the market,Quartz India,2024-12-18T21:35:00Z,https://qz.com/why-everything-everywhere-all-at-once-isn-t-just-a-movi-1851724691,en
MSFT,Trump just gave a new signal he isn't going to let up on Big Tech,Yahoo Entertainment,2024-12-05T15:20:23Z,https://finance.yahoo.com/news/trump-just-gave-a-new-signal-he-isnt-going-to-let-up-on-big-tech-152023282.html,en
MSFT,"Rubrik Stock Pops On Earnings, Revenue Beat Amid Raised Guidance",Investor's Business Daily,2024-12-06T13:57:04Z,https://www.investors.com/news/technology/rubrik-stock-rubrik-earnings-q32024/,en
MSFT,META vs. MSFT: Which AI Leader Offers Better Long-Term Returns?,Yahoo Entertainment,2024-11-30T22:48:05Z,https://consent.yahoo.com/v2/collectConsent?sessionId=1_cc-session_3b106fdc-eb03-41f9-8e76-7ff11b26b0a5,de
MSFT,Bengaluru sees 40% YoY growth in office leasing at 21.7 msft in 2024: Colliers,BusinessLine,2024-12-24T12:45:28Z,https://www.thehindubusinessline.com/news/real-estate/bengaluru-sees-40-yoy-growth-in-office-leasing-at-217-msft-in-2024-colliers/article69022876.ece,en
MSFT,Salesforce Upgraded On 'Palpable' Buzz Around Agentforce,Investor's Business Daily,2024-12-13T18:11:48Z,https://www.investors.com/news/technology/salesforce-stock-crm-agentforce-artificial-intelligence-ai/,en
MSFT,"Palantir, MicroStrategy Likely To Join Nasdaq 100; Will Moderna, Super Micro Get The Axe?",Investor's Business Daily,2024-12-13T15:02:39Z,https://www.investors.com/news/palantir-microstrategy-join-nasdaq-100-moderna-super-micro/,en
MSFT,"Arm, Qualcomm Shares Diverge After Lawsuit Verdict",Investor's Business Daily,2024-12-23T14:57:25Z,https://www.investors.com/news/technology/arm-stock-qualcomm-stock-diverge-lawsuit-verdict/,en
MSFT,Microsoft's Death Cross: Tech Giant Faces A Double Blow With FTC Pressure,Yahoo Entertainment,2024-11-25T20:00:44Z,https://finance.yahoo.com/news/microsofts-death-cross-tech-giant-200044029.html,en
MSFT,Microsoft and Coles Ink $5 Billion AI Deal to Revolutionize Retail Tech,Yahoo Entertainment,2024-11-27T12:42:26Z,https://finance.yahoo.com/news/microsoft-coles-ink-5-billion-124226694.html,en
MSFT,OpenAI Seeks to Restructure Deal with Microsoft as It Pushes Toward AGI,Yahoo Entertainment,2024-12-06T17:47:28Z,https://finance.yahoo.com/news/openai-seeks-restructure-deal-microsoft-174728805.html,en
MSFT,Amazon Faces Major Proposal to Invest 5% of Assets in Bitcoin,Yahoo Entertainment,2024-12-09T11:41:29Z,https://finance.yahoo.com/news/amazon-faces-major-proposal-invest-114129246.html,en
MSFT,5 Top Stocks To Buy Now For January 2025,Forbes,2024-12-10T21:31:46Z,https://www.forbes.com/sites/investor-hub/article/top-stocks-buy-now-january-2025/,en
MSFT,"Tesla Will Be The 'Biggest Winner' In The Trump Era, Says Dan Ives; Predicts Nasdaq At 25,000 In 18 Months: 'Get the Popcorn Out'",Benzinga,2024-12-18T01:30:13Z,https://www.benzinga.com/news/24/12/42544056/tesla-will-be-the-biggest-winner-in-the-trump-era-says-dan-ives-predicts-nasdaq-at-25-000-in-18-mont,en
MSFT,Dow Jones Futures: S&P 500 Hits Highs As Bitcoin Skids; CrowdStrike Leads Movers Late,Investor's Business Daily,2024-11-27T03:52:44Z,https://www.investors.com/market-trend/stock-market-today/dow-jones-futures-sp500-bitcoin-crowdstrike-earnings-movers/,en
MSFT,"Dow Jones Futures Fall After Tesla, Titans Push Nasdaq Above 20,000; What To Do Now",Investor's Business Daily,2024-12-12T11:48:06Z,https://www.investors.com/market-trend/stock-market-today/dow-jones-futures-nasdaq-tops-20000-tesla-hits-high/,en
MSFT,Enthusiastic response from capital markets,Erickimphotography.com,2024-12-18T17:47:54Z,https://erickimphotography.com/blog/2024/12/18/enthusiastic-response-from-capital-markets/,en
MSFT,"Pure Storage Stock Soars 25% After Data Player Beats On Earnings, Touts Hyperscaler Cloud Win",Investor's Business Daily,2024-12-03T21:34:39Z,https://www.investors.com/news/technology/pure-storage-stock-earnings-q3-2024-ai/,en
MSFT,Zoom Communications Earnings Beat. Shares Fall On In-Line Revenue Outlook.,Investor's Business Daily,2024-11-26T12:55:33Z,https://www.investors.com/news/technology/zoom-stock-zoom-earnings-zm-stock-q32024/,en
MSFT,"Dow Jones Jumps Nearly 400 Points As Government Shutdown Looms; Nvidia Rises While Tesla, Trump Shares Drop (Live Coverage)",Investor's Business Daily,2024-12-20T15:58:11Z,https://www.investors.com/market-trend/stock-market-today/dow-jones-sp500-nasdaq-nvidia-stock-nvda-trump-stock/,en
MSFT,AI Stock Nebius Group Jumps After Nvidia Joins $700 Million Investment,Investor's Business Daily,2024-12-02T15:03:53Z,https://www.investors.com/news/technology/nebius-stock-nebius-group-nvidia-investment/,en
MSFT,Oracle Stock Lower Ahead Of Big Earnings Test. Here's What To Watch.,Investor's Business Daily,2024-12-09T16:30:15Z,https://www.investors.com/news/technology/oracle-stock-orcl-earnings-q2-2025-ai-news/,en
MSFT,8 Stocks Drive 50% Of The Year's $11.8 Trillion Stock Gain,Investor's Business Daily,2024-12-06T17:22:14Z,https://www.investors.com/etfs-and-funds/sectors/sp500-stocks-drive-years-trillion-stock-gain/,en
MSFT,Oracle Downgraded To Sell On 'Surprisingly Uninspiring' Results After AI-Fueled Rally,Investor's Business Daily,2024-12-20T15:42:51Z,https://www.investors.com/news/technology/oracle-stock-downgrade-ai-orcl-news/,en
MSFT,Big Tech is dominating the market once again — and that's probably just fine: Morning Brief,Yahoo Entertainment,2024-12-18T11:00:40Z,https://finance.yahoo.com/news/big-tech-is-dominating-the-market-once-again--and-thats-probably-just-fine-morning-brief-110040629.html,en
MSFT,Thank Wealth Managers For These 8%+ Dividends,Forbes,2024-12-07T13:35:00Z,https://www.forbes.com/sites/michaelfoster/2024/12/07/thank-wealth-managers-for-these-8-dividends/,en
MSFT,America Vs. The World? Both Can Win With These 8%+ Dividends,Forbes,2024-12-17T13:39:00Z,https://www.forbes.com/sites/michaelfoster/2024/12/17/america-vs-the-world-both-can-win-with-these-8-dividends/,en
MSFT,How to play the Mag 7 stocks in 2025: Portfolio manager,Yahoo Entertainment,2024-12-10T12:00:03Z,https://finance.yahoo.com/video/play-mag-7-stocks-2025-120003567.html,en
MSFT,Salesforce vs. Oracle Stock,Forbes,2024-12-10T09:00:00Z,https://www.forbes.com/sites/greatspeculations/2024/12/10/salesforce-vs-oracle-stock/,en
MSFT,Google's Gemini 2.0 Takes on Microsoft-Backed OpenAI in the Race for AI Supremacy,Yahoo Entertainment,2024-12-11T19:02:11Z,https://www.yahoo.com/tech/googles-gemini-2-0-takes-190211390.html,en
MSFT,Apple Plans Slimmer iPhone as AI Integration Drives Growth,Yahoo Entertainment,2024-12-16T07:43:04Z,https://finance.yahoo.com/news/apple-plans-slimmer-iphone-ai-074304741.html,en
MSFT,"C3.ai Stock Volatile as CEO Puts Some Shares for Sale, Offsetting Strong Results",Investopedia,2024-12-10T16:56:27Z,https://www.investopedia.com/c3-ai-stock-volatile-as-ceo-puts-some-shares-for-sale-offsetting-strong-results-8758782,en
MSFT,Virtualizing GCP data by using Fabric Shortcuts: Data Engineering with Fabric,Sqlservercentral.com,2024-12-11T00:00:11Z,https://www.sqlservercentral.com/articles/virtualizing-gcp-data-by-using-fabric-shortcuts-data-engineering-with-fabric,en
MSFT,Dow Jones Futures: Techs Fall As China Probes Nvidia; Beware These Risks,Investor's Business Daily,2024-12-09T12:37:38Z,https://www.investors.com/market-trend/stock-market-today/dow-jones-futures-china-probes-nvidia-beware-market-risks/,en
MSFT,Pick This Drone Maker Over AXON Stock?,Forbes,2024-12-04T14:56:25Z,https://www.forbes.com/sites/greatspeculations/2024/12/04/pick-this-drone-maker-over-axon-stock/,en
MSFT,How Networks Of Competence Are Crushing Hierarchies Of Authority,Forbes,2024-12-09T01:09:35Z,https://www.forbes.com/sites/stevedenning/2024/12/08/how-networks-of-competence-are-crushing-hierarchies-of-authority/,en
MSFT,Apple shares hit new all-time intraday and closing highs,Macdailynews.com,2024-12-10T21:20:30Z,https://macdailynews.com/2024/12/10/apple-shares-hit-new-all-time-intraday-and-closing-highs-241210/,en
MSFT,Apple shares hit new all-time intraday and closing highs,Macdailynews.com,2024-12-20T21:19:43Z,https://macdailynews.com/2024/12/20/apple-shares-hit-new-all-time-intraday-and-closing-highs-241220/,en
MSFT,Apple shares hit new all-time closing high,Macdailynews.com,2024-12-03T21:22:29Z,https://macdailynews.com/2024/12/03/apple-shares-hit-new-all-time-closing-high-242103/,en
MSFT,Apple shares hit new all-time closing high,Macdailynews.com,2024-12-02T21:28:31Z,https://macdailynews.com/2024/12/02/apple-shares-hit-new-all-time-closing-high-241202/,en
MSFT,Apple shares hit new all-time closing high,Macdailynews.com,2024-12-04T21:11:52Z,https://macdailynews.com/2024/12/04/apple-shares-hit-new-all-time-closing-high-241204/,en
MSFT,Apple shares hit new all-time intraday high,Macdailynews.com,2024-12-06T21:40:09Z,https://macdailynews.com/2024/12/06/apple-shares-hit-new-all-time-intraday-high-11/,en
GOOGL,Google hikes YouTube TV's price to $83 a month,Quartz India,2024-12-12T22:08:29Z,https://qz.com/google-youtube-tv-price-hike-1851720171,en
GOOGL,Google's new Gemini model will power AI agents,Quartz India,2024-12-11T17:38:00Z,https://qz.com/google-gemini-2-ai-reasoning-model-agents-sundar-pichai-1851718574,en
GOOGL,Alphabet stock climbs over 4% after Google's quantum chip breakthrough,Quartz India,2024-12-10T16:13:00Z,https://qz.com/alphabet-google-stock-quantum-ai-chip-willow-energy-1851717526,en
GOOGL,Google's Waymo is going international,Quartz India,2024-12-17T14:15:00Z,https://qz.com/google-waymo-self-driving-cars-japan-tokyo-honda-cruise-1851722711,en
GOOGL,"Meta could outdo Google in the AI transformation, professor says",Quartz India,2024-11-25T23:01:00Z,https://qz.com/meta-supercharge-ai-advertising-google-undermine-search-1851707559,en
GOOGL,Google says its new quantum chip is septillions of years faster than the world’s most powerful supercomputer,Quartz India,2024-12-09T16:55:00Z,https://qz.com/google-quantum-chip-willow-ai-frontier-supercomputer-1851716474,en
GOOGL,A former Google CEO on when 'we need to seriously think about unplugging' AI,Quartz India,2024-12-16T16:00:00Z,https://qz.com/google-ceo-eric-schmidt-seriously-think-unplug-ai-trump-1851721772,en
GOOGL,Apple is working on a foldable iPhone,Quartz India,2024-12-16T13:21:00Z,https://qz.com/apple-iphone-foldable-smartphone-huawei-samsung-1851721697,en
GOOGL,"Trump's $1 billion promise, RFK Jr. on Ozempic, and Microsoft rejects Bitcoin: Business news roundup",Quartz India,2024-12-14T14:00:00Z,https://qz.com/donald-trump-rfk-ozempic-microsoft-bitcoin-elon-musk-1851720891,en
GOOGL,"Amazon runs out of space, Starliner astronauts stay stuck in space, and wooing Trump: Tech news roundup",Quartz India,2024-12-21T14:00:00Z,https://qz.com/amazon-hybrid-work-rto-boeing-starliner-astronauts-1851726490,en
GOOGL,Trump's $1 billion promise; an anti-woke FTC; and tariff threats loom: Politics Roundup,Quartz India,2024-12-13T10:00:00Z,https://qz.com/trump-tariff-meta-crypto-ftc-billion-invest-politics-1851720043,en
GOOGL,The 4 books Bill Gates read this year to make 'sense of the world',Quartz India,2024-12-03T18:00:00Z,https://qz.com/bill-gates-book-recommend-ai-engineering-love-tech-1851711634,en
GOOGL,"Market Clubhouse Morning Memo - November 25th, 2024 (Trade Strategy For SPY, QQQ, AAPL, MSFT, NVDA, GOOGL, META And TSLA)",Biztoc.com,2024-11-25T17:20:18Z,https://biztoc.com/x/d2382c2e7950d9ba,en
GOOGL,10 states where data centers use the most electricity,Quartz India,2024-12-02T13:30:00Z,https://qz.com/us-states-data-centers-electricity-use-share-ai-tech-1851708857,en
GOOGL,"Elon Musk's xAI To Expand Colossus Supercomputer Tenfold, Challenging Google, OpenAI And Jeff Bezos-Backed Anthropic",Biztoc.com,2024-12-06T00:05:26Z,https://biztoc.com/x/a2706a682f8f5491,en
GOOGL,"Google Eyes Big Weekly Gain On AI, Quantum Offensive",Biztoc.com,2024-12-12T22:47:09Z,https://biztoc.com/x/469c1abaa57ad45d,en
GOOGL,Qualivian Investment Partners’ Top Contributors: Alphabet (GOOGL),Yahoo Entertainment,2024-12-17T13:16:07Z,https://consent.yahoo.com/v2/collectConsent?sessionId=1_cc-session_e1d34ede-f617-4e55-8d1f-b00020e53c72,en
GOOGL,Reddit is taking on Google and ChatGPT with its own AI chatbot,Quartz India,2024-12-09T15:52:49Z,https://qz.com/reddit-answers-ai-chatbot-google-openai-chatgpt-search-1851716486,en
GOOGL,Nvidia stock climbs over 3.5% after slumping into correction territory,Quartz India,2024-12-18T16:37:00Z,https://qz.com/nvidia-stock-rise-correction-broadcom-ai-chip-microsoft-1851724078,en
GOOGL,Amazon joins Meta in donating $1 million to Trump's inauguration fund,Quartz India,2024-12-13T13:15:00Z,https://qz.com/amazon-donate-trump-jeff-bezos-meta-zuckerberg-pichai-1851720485,en
GOOGL,AT&T is joining Amazon in ordering employees back to the office 5 days a week,Quartz India,2024-12-18T13:28:00Z,https://qz.com/att-rto-office-mandate-remote-hybrid-work-amazon-1851723750,en
GOOGL,What Cruise's self-driving end means for Tesla and Waymo: Morning Brief,Yahoo Entertainment,2024-12-12T11:00:53Z,https://finance.yahoo.com/news/what-cruises-self-driving-end-means-for-tesla-and-waymo-morning-brief-110053822.html,en
GOOGL,"Alphabet Inc. (GOOGL)’s Waymo to Launch Robotaxi Service in Miami, Starting Rider Access in 2026",Yahoo Entertainment,2024-12-08T18:23:21Z,https://consent.yahoo.com/v2/collectConsent?sessionId=1_cc-session_652d3d99-5e06-451e-b899-1c05aa51ffe0,en
GOOGL,Alphabet (GOOGL) and Samsung Join Forces: Android XR and Project Moohan to Challenge Mixed-Reality Giants,Yahoo Entertainment,2024-12-16T20:32:36Z,https://consent.yahoo.com/v2/collectConsent?sessionId=1_cc-session_9c7bcc34-1c1e-4b07-a7d2-ee1f2b8b75fb,en
GOOGL,Why Alphabet Inc. (GOOGL) Is Among the Best Stocks to Buy and Hold for 3 Years?,Yahoo Entertainment,2024-12-22T16:18:27Z,https://finance.yahoo.com/news/why-alphabet-inc-googl-among-161827354.html,en
GOOGL,Alphabet Inc (GOOGL) Among Billionaire Ken Fisher’s Top Stock Picks Heading Into 2025,Yahoo Entertainment,2024-12-03T23:22:51Z,https://consent.yahoo.com/v2/collectConsent?sessionId=1_cc-session_832b7eea-e36e-43f0-ba6c-64606c27071d,en
GOOGL,Why Is Alphabet Inc. (GOOGL) Among the Best Tech Stocks for Long Term Investment?,Yahoo Entertainment,2024-12-07T06:09:45Z,https://consent.yahoo.com/v2/collectConsent?sessionId=1_cc-session_d76c596e-4540-4b47-b59f-4fe0e923db64,en
GOOGL,The AI Race Is On. Do Ambitious Startups Like OpenAI Stand A Chance Against Big Tech?,Investor's Business Daily,2024-12-16T13:00:03Z,https://www.investors.com/news/technology/ai-stocks-openai-artificial-intelligence-models-big-tech-google-meta/,en
GOOGL,Why Alphabet Inc. (GOOGL) Is the Best Safe Stock to Buy According to Analysts?,Yahoo Entertainment,2024-12-12T14:02:29Z,https://consent.yahoo.com/v2/collectConsent?sessionId=1_cc-session_57d83689-0abe-445d-a010-dd71322ffeb7,en
GOOGL,Is Alphabet Inc. (GOOGL) Dominating A Billionaire Quant’s Investment Strategy Right Now?,Yahoo Entertainment,2024-12-07T18:03:04Z,https://consent.yahoo.com/v2/collectConsent?sessionId=1_cc-session_0a536a9b-919f-49b3-9d7f-b572582db974,en
GOOGL,Alphabet Inc. (GOOGL) Unveils Gemini 2.0 Flash Thinking AI Model for Enhanced Logical Reasoning,Yahoo Entertainment,2024-12-24T20:58:46Z,https://finance.yahoo.com/news/alphabet-inc-googl-unveils-gemini-205846155.html,en
GOOGL,Meta is the latest tech giant to turn to nuclear to power its AI ambitions,Quartz India,2024-12-04T13:15:00Z,https://qz.com/meta-platforms-nuclear-energy-ai-power-1851713076,en
GOOGL,Jeff Bezos is betting millions on a Nvidia rival,Quartz India,2024-12-02T13:37:00Z,https://qz.com/jeff-bezos-expeditions-tenstorrent-nvidia-ai-chips-1851710966,en
GOOGL,"What's ahead for AI in 2025, according to a Google executive",Quartz India,2024-12-16T10:00:00Z,https://qz.com/2025-ai-predictions-google-gemini-agents-sissie-hsiao-1851718695,en
GOOGL,"Donald Trump just picked who will take over Google, Apple, Visa monopoly cases",Quartz India,2024-12-04T18:35:00Z,https://qz.com/donald-trump-administration-gail-slater-doj-antitrust-1851713629,en
GOOGL,"Costco, Oracle, GameStop, and more stocks to watch this week",Quartz India,2024-12-08T10:00:00Z,https://qz.com/costco-oracle-gamestop-broadcom-earnings-stocks-markets-1851715515,en
GOOGL,Elon Musk wants to make SpaceX's base an official company town,Quartz India,2024-12-13T14:30:00Z,https://qz.com/elon-musk-spacex-starbase-company-town-snailbrook-tesla-1851720533,en
GOOGL,"AI regulation will slow innovation to speed it up, DataStax CEO says",Quartz India,2024-12-10T10:00:00Z,https://qz.com/datastax-gen-ai-regulation-nvidia-platform-enterprise-1851715431,en
GOOGL,'Everybody wants to be my friend': Tech CEOs can't get enough of Donald Trump,Quartz India,2024-12-16T18:49:00Z,https://qz.com/donald-trump-tech-ceos-apple-google-amazon-cook-bezos-1851722093,en
GOOGL,"Microsoft FTC probe 'not a complete shocker,' analyst says",Yahoo Entertainment,2024-11-29T15:35:16Z,https://finance.yahoo.com/news/microsoft-ftc-probe-not-a-complete-shocker-analyst-says-153516617.html,en
GOOGL,Tesla Stock Leads Magnificent Seven Shares Higher,Investopedia,2024-12-24T15:49:59Z,https://www.investopedia.com/tesla-stock-leads-magnificent-seven-shares-higher-update-8766292,en
GOOGL,Why Is Alphabet Inc. (GOOGL) the Best Self-Driving Technology Stock to Buy According to Hedge Funds?,Yahoo Entertainment,2024-12-11T18:52:37Z,https://finance.yahoo.com/news/why-alphabet-inc-googl-best-185237926.html,en
GOOGL,"Alphabet’s AI, Quantum Breakthroughs Drive Gains",Yahoo Entertainment,2024-12-18T10:05:08Z,https://finance.yahoo.com/news/alphabet-ai-quantum-breakthroughs-drive-100508296.html,en
GOOGL,Jobs Report: Implications For The Markets And The Fed,Forbes,2024-12-07T12:34:39Z,https://www.forbes.com/sites/bill_stone/2024/12/07/jobs-report-implications-for-the-markets-and-the-fed/,en
GOOGL,Will Sticky Inflation Stop The Fed Rate Cut?,Forbes,2024-12-15T12:00:00Z,https://www.forbes.com/sites/bill_stone/2024/12/15/will-sticky-inflation-stop-the-fed-rate-cut/,en
GOOGL,Why Everything Everywhere All at Once isn’t just a movie — it’s the market,Quartz India,2024-12-18T21:35:00Z,https://qz.com/why-everything-everywhere-all-at-once-isn-t-just-a-movi-1851724691,en
GOOGL,Trump just gave a new signal he isn't going to let up on Big Tech,Yahoo Entertainment,2024-12-05T15:20:23Z,https://finance.yahoo.com/news/trump-just-gave-a-new-signal-he-isnt-going-to-let-up-on-big-tech-152023282.html,en
GOOGL,Processing JDBC ResultSet with Stream API,Javacodegeeks.com,2024-12-05T16:09:00Z,https://www.javacodegeeks.com/processing-jdbc-resultset-with-stream-api.html,en
GOOGL,Salesforce Upgraded On 'Palpable' Buzz Around Agentforce,Investor's Business Daily,2024-12-13T18:11:48Z,https://www.investors.com/news/technology/salesforce-stock-crm-agentforce-artificial-intelligence-ai/,en
GOOGL,"Palantir, MicroStrategy Likely To Join Nasdaq 100; Will Moderna, Super Micro Get The Axe?",Investor's Business Daily,2024-12-13T15:02:39Z,https://www.investors.com/news/palantir-microstrategy-join-nasdaq-100-moderna-super-micro/,en
GOOGL,Nvidia dominated 2024 big-time. Next year? Plenty of challenges.,Yahoo Entertainment,2024-12-24T11:00:47Z,https://finance.yahoo.com/news/nvidia-dominated-2024-big-time-next-year-plenty-of-challenges-110047391.html,en
GOOGL,How a breakup could upend Google (and the tech world),Yahoo Entertainment,2024-11-26T09:00:06Z,https://finance.yahoo.com/news/how-a-breakup-could-upend-google-and-the-tech-world-090006524.html,en
GOOGL,Apple finally added ChatGPT to the iPhone. There's no guarantee it’ll boost sales.,Yahoo Entertainment,2024-12-19T15:36:35Z,https://finance.yahoo.com/news/apple-finally-added-chatgpt-to-the-iphone-theres-no-guarantee-itll-boost-sales-153635743.html,en
GOOGL,"Pro-Business FTC Shift Spurs Tech M&A Hopes, AI Giants Poised for Strategic Deals",Yahoo Entertainment,2024-12-11T15:06:38Z,https://finance.yahoo.com/news/pro-business-ftc-shift-spurs-150638126.html,en
GOOGL,Google Has The Ability To Scale AI By Leveraging Its Global User Base: Analyst,Yahoo Entertainment,2024-12-12T19:23:05Z,https://finance.yahoo.com/news/google-ability-scale-ai-leveraging-192305486.html,en
GOOGL,5 Things to Know Before the Stock Market Opens,Investopedia,2024-12-10T12:46:45Z,https://www.investopedia.com/5-things-to-know-before-the-stock-market-opens-december-10-2024-8758727,en
GOOGL,Dow Jones Futures: S&P 500 Hits Highs As Bitcoin Skids; CrowdStrike Leads Movers Late,Investor's Business Daily,2024-11-27T03:52:44Z,https://www.investors.com/market-trend/stock-market-today/dow-jones-futures-sp500-bitcoin-crowdstrike-earnings-movers/,en
GOOGL,"Pure Storage Stock Soars 25% After Data Player Beats On Earnings, Touts Hyperscaler Cloud Win",Investor's Business Daily,2024-12-03T21:34:39Z,https://www.investors.com/news/technology/pure-storage-stock-earnings-q3-2024-ai/,en
GOOGL,"Reddit's Growth 'Still Early' After 200% Post-IPO Run, Analyst Says",Investor's Business Daily,2024-12-09T21:04:25Z,https://www.investors.com/news/technology/reddit-stock-rddt-stock-upgrade-ai-morgan-stanley/,en
GOOGL,Big Tech is dominating the market once again — and that's probably just fine: Morning Brief,Yahoo Entertainment,2024-12-18T11:00:40Z,https://finance.yahoo.com/news/big-tech-is-dominating-the-market-once-again--and-thats-probably-just-fine-morning-brief-110040629.html,en
GOOGL,How to play the Mag 7 stocks in 2025: Portfolio manager,Yahoo Entertainment,2024-12-10T12:00:03Z,https://finance.yahoo.com/video/play-mag-7-stocks-2025-120003567.html,en
GOOGL,Oracle Stock Lower Ahead Of Big Earnings Test. Here's What To Watch.,Investor's Business Daily,2024-12-09T16:30:15Z,https://www.investors.com/news/technology/oracle-stock-orcl-earnings-q2-2025-ai-news/,en
GOOGL,8 Stocks Drive 50% Of The Year's $11.8 Trillion Stock Gain,Investor's Business Daily,2024-12-06T17:22:14Z,https://www.investors.com/etfs-and-funds/sectors/sp500-stocks-drive-years-trillion-stock-gain/,en
GOOGL,Alphabet's Waymo Expands to Japan in Partnership with Nihon Kotsu and GO,Yahoo Entertainment,2024-12-17T18:45:02Z,https://finance.yahoo.com/news/alphabets-waymo-expands-japan-partnership-184502961.html,en
GOOGL,"Stock market today: Nasdaq tops 20,000 for first time as Big Tech surge leads stocks higher",Yahoo Entertainment,2024-12-11T17:32:06Z,https://finance.yahoo.com/news/live/stock-market-today-nasdaq-tops-20000-for-first-time-as-big-tech-surge-leads-stocks-higher-173206052.html,en
GOOGL,Google: The Long-Term Threat From OpenAI Is Significant,Forbes,2024-12-13T15:41:59Z,https://www.forbes.com/sites/gurufocus/2024/12/13/google-the-long-term-threat-from-openai-is-significant/,en
GOOGL,"Stock Market Mixed As Google, Broadcom, Tesla Mask Weakness: Weekly Review",Investor's Business Daily,2024-12-13T17:16:26Z,https://www.investors.com/news/stock-market-mixed-google-broadcom-tesla/,en
GOOGL,Alphabet’s (GOOGL) Buy Rating Reiterated at The Goldman Sachs Group,ETF Daily News,2024-12-15T08:33:04Z,https://www.etfdailynews.com/2024/12/15/alphabets-googl-buy-rating-reiterated-at-the-goldman-sachs-group/,en
GOOGL,Apple shares hit new all-time intraday and closing highs,Macdailynews.com,2024-12-20T21:19:43Z,https://macdailynews.com/2024/12/20/apple-shares-hit-new-all-time-intraday-and-closing-highs-241220/,en
GOOGL,Apple shares hit new all-time intraday and closing highs,Macdailynews.com,2024-12-10T21:20:30Z,https://macdailynews.com/2024/12/10/apple-shares-hit-new-all-time-intraday-and-closing-highs-241210/,en
GOOGL,Apple shares hit new all-time intraday and closing highs,Macdailynews.com,2024-12-09T21:18:48Z,https://macdailynews.com/2024/12/09/apple-shares-hit-new-all-time-intraday-and-closing-highs-241209/,en
GOOGL,Apple shares hit new all-time intraday and closing highs,Macdailynews.com,2024-12-05T21:29:47Z,https://macdailynews.com/2024/12/05/apple-shares-hit-new-all-time-intraday-and-closing-highs-241205/,en
GOOGL,Apple shares hit new all-time closing high,Macdailynews.com,2024-12-13T21:38:38Z,https://macdailynews.com/2024/12/13/apple-shares-hit-new-all-time-closing-high-28/,en
GOOGL,Apple shares hit new all-time intraday and closing highs,Macdailynews.com,2024-12-17T21:17:09Z,https://macdailynews.com/2024/12/17/apple-shares-hit-new-all-time-intraday-and-closing-highs-85/,en
GOOGL,Dow Jones Falls After Jobs Data; Tesla Slides On Elon Musk Pay Package Rejection,Investor's Business Daily,2024-12-03T15:03:14Z,https://www.investors.com/market-trend/stock-market-today/dow-jones-sp500-nasdaq-tesla-stock-tsla-elon-musk/,en
GOOGL,SoundHound Makes Itself Heard On Wall Street With Voice AI,Investor's Business Daily,2024-11-27T13:00:50Z,https://www.investors.com/news/technology/soundhound-stock-voice-ai-advancements/,en
GOOGL,Apple shares hit new all-time closing high,Macdailynews.com,2024-12-02T21:28:31Z,https://macdailynews.com/2024/12/02/apple-shares-hit-new-all-time-closing-high-241202/,en
GOOGL,Apple shares hit new all-time closing high,Macdailynews.com,2024-12-04T21:11:52Z,https://macdailynews.com/2024/12/04/apple-shares-hit-new-all-time-closing-high-241204/,en
GOOGL,Apple shares hit new all-time closing high,Macdailynews.com,2024-12-03T21:22:29Z,https://macdailynews.com/2024/12/03/apple-shares-hit-new-all-time-closing-high-242103/,en
GOOGL,Apple shares hit new all-time intraday high,Macdailynews.com,2024-12-06T21:40:09Z,https://macdailynews.com/2024/12/06/apple-shares-hit-new-all-time-intraday-high-11/,en
GOOGL,Apple shares hit new all-time closing high,Macdailynews.com,2024-12-12T21:20:55Z,https://macdailynews.com/2024/12/12/apple-shares-hit-new-all-time-closing-high-27/,en
GOOGL,Apple shares hit new all-time intraday and closing highs,Macdailynews.com,2024-12-16T21:12:29Z,https://macdailynews.com/2024/12/16/apple-shares-hit-new-all-time-intraday-and-closing-highs-84/,en
TSLA,Tesla’s stock surge means even the biggest bulls are showing some restraint,MarketWatch,2024-12-17T13:28:00Z,https://www.marketwatch.com/story/teslas-stock-surge-means-even-the-biggest-bulls-are-showing-some-restraint-e71ddb02,en
TSLA,Elon Musk's DOGE has some Democratic friends on Capitol Hill,Quartz India,2024-12-05T18:20:00Z,https://qz.com/elon-musk-doge-trump-democrat-allies-sanders-khanna-1851714483,en
TSLA,Elon Musk's demands for Nvidia's AI chips strained its supply,Quartz India,2024-11-27T16:23:00Z,https://qz.com/elon-musk-nvidia-ai-chips-strain-supply-xai-colossus-1851709302,en
TSLA,Tesla is ready to fight for Elon Musk's $56 billion payout,Quartz India,2024-12-03T13:29:00Z,https://qz.com/tesla-elon-musk-appeal-pay-package-delaware-rejection-1851711949,en
TSLA,NASA is making SpaceX fly a Toyota to the moon,Quartz India,2024-11-25T19:20:00Z,https://qz.com/nasa-is-making-spacex-fly-a-toyota-to-the-moon-1851707668,en
TSLA,Meta CEO Mark Zuckerberg wants an 'active role' in Trump administration tech policies,Quartz India,2024-12-03T19:25:00Z,https://qz.com/mark-zuckerberg-trump-administration-tech-policies-meta-1851712576,en
TSLA,Tesla's exclusion from a new EV proposal could ignite a 'Game of Thrones' style feud,Quartz India,2024-11-26T15:20:40Z,https://qz.com/tesla-elon-musk-california-newsom-ev-tax-credit-covid-1851708160,en
TSLA,"Elon Musk's 'animal spirits,' Apple misses out, and SpaceX to the moon: Tech news roundup",Quartz India,2024-11-30T15:04:53Z,https://qz.com/weekend-tech-innovation-roundup-november-30-2024-1851710378,en
TSLA,"Honda, Nissan, and Mitsubishi may merge to compete with Tesla and China's EV makers",Quartz India,2024-12-23T13:25:00Z,https://qz.com/nissan-hinda-mitsubishi-merger-compete-tesla-china-evs-1851727376,en
TSLA,The Nasdaq hits a record as Tesla and Intel push tech stocks higher,Quartz India,2024-12-02T18:22:04Z,https://qz.com/nasdaq-hits-a-new-high-tesla-intel-super-micro-computer-1851711305,en
TSLA,Elon Musk's $56 billion pay package is rejected,Quartz India,2024-12-02T23:15:00Z,https://qz.com/elon-musk-tesla-x-56-billion-pay-package-denied-1851711740,en
TSLA,Ways To Invest In Tesla Beyond Buying TSLA Stock,Forbes,2024-12-09T21:46:09Z,https://www.forbes.com/sites/investor-hub/article/ways-to-invest-in-tesla-tsla-stock/,en
TSLA,Tesla Record Deliveries Expected. This Is Why It Probably Doesn't Matter For TSLA.,Investor's Business Daily,2024-12-23T13:28:26Z,https://www.investors.com/news/tesla-stock-record-deliveries-expected-but-does-it-matter/,en
TSLA,The Trump administration's billionaires are worth more than $450 billion. Here's who they are,Quartz India,2024-12-16T17:45:00Z,https://qz.com/trump-rich-cabinet-billionaires-musk-lutnick-rfk-jr-1851718924,en
TSLA,Microsoft shareholders vote against Bitcoin investment,Quartz India,2024-12-10T17:20:00Z,https://qz.com/microsoft-shareholders-vote-against-invest-bitcoin-1851717592,en
TSLA,"The 7 worst EVs for winter, according to a study",Quartz India,2024-12-14T12:00:00Z,https://qz.com/evs-electric-cars-winter-charging-tesla-bmw-nissan-1851716562,en
TSLA,The Dow rebounds 300 Points as Nvidia and Tesla surge,Quartz India,2024-12-19T15:15:00Z,https://qz.com/dow-rebounds-fed-rate-nvidia-tesla-micron-accenture-1851725104,en
TSLA,Microsoft's shareholders will decide this week whether to invest in Bitcoin,Quartz India,2024-12-08T10:00:00Z,https://qz.com/microsoft-vote-invest-bitcoin-1851715531,en
TSLA,Dow Jones Futures Rise As Nvidia Rebounds; Tesla Looks To Snap Losing Streak,Biztoc.com,2024-11-29T13:39:04Z,https://biztoc.com/x/8b4bad43ad455fcb,en
TSLA,5 Things to Know Before the Stock Market Opens,Biztoc.com,2024-12-17T16:06:15Z,https://biztoc.com/x/4eff9db55a60ca88,en
TSLA,Tesla's exclusion from a new EV proposal could ignite a 'Game of Thrones' style feud,Biztoc.com,2024-11-26T20:24:46Z,https://biztoc.com/x/426771bd490dbc5f,en
TSLA,Dow Jones Futures Fall Ahead Of Retail Sales; Nvidia Extends Losses,Biztoc.com,2024-12-17T16:06:01Z,https://biztoc.com/x/f475d15619958b5e,en
TSLA,Delaware judge rejects request to restore Musk's $56 billion Tesla pay,Biztoc.com,2024-12-02T22:22:51Z,https://biztoc.com/x/7695f9eaafcc4c8f,en
TSLA,"Market Clubhouse Morning Memo - November 25th, 2024 (Trade Strategy For SPY, QQQ, AAPL, MSFT, NVDA, GOOGL, META And TSLA)",Biztoc.com,2024-11-25T17:20:18Z,https://biztoc.com/x/d2382c2e7950d9ba,en
TSLA,Elon Musk's SpaceX is considering a tender offer at a huge valuation,Quartz India,2024-12-03T12:58:00Z,https://qz.com/elon-musk-spacex-tender-offer-valuation-350-billion-1851711948,en
TSLA,Trump taps Elon Musk's ally and venture capitalist David Sacks as AI and crypto czar,Quartz India,2024-12-06T13:20:00Z,https://qz.com/trump-david-sacks-ai-crypto-czar-elon-musk-thiel-all-in-1851715245,en
TSLA,AT&T is joining Amazon in ordering employees back to the office 5 days a week,Quartz India,2024-12-18T13:28:00Z,https://qz.com/att-rto-office-mandate-remote-hybrid-work-amazon-1851723750,en
TSLA,"Amazon should buy Bitcoin, shareholders say",Quartz India,2024-12-09T16:42:04Z,https://qz.com/amazon-shareholders-add-bitcoin-1851716582,en
TSLA,Xiaomi's newest Tesla-rivaling EV will launch next summer,Quartz India,2024-12-09T16:34:00Z,https://qz.com/xiaomi-ev-suv-yu7-su7-tesla-rival-china-model-y-1851716571,en
TSLA,Nissan and Mitsubishi stock pop because a Honda mega-merger might be coming,Quartz India,2024-12-18T13:22:00Z,https://qz.com/honda-nissan-merger-mitsubishi-japan-foxconn-evs-tesla-1851723714,en
TSLA,What Cruise's self-driving end means for Tesla and Waymo: Morning Brief,Yahoo Entertainment,2024-12-12T11:00:53Z,https://finance.yahoo.com/news/what-cruises-self-driving-end-means-for-tesla-and-waymo-morning-brief-110053822.html,en
TSLA,"‘I’ve nothing saved for retirement’: I’m 50 and earn $45,000. I don’t have a 401(k) match. Should I put 10% of my salary in a Roth IRA instead?",MarketWatch,2024-11-30T16:09:00Z,https://www.marketwatch.com/story/i-have-nothing-saved-for-retirement-im-50-and-earn-45-000-i-dont-have-a-401-k-match-should-i-put-10-of-my-salary-in-a-roth-ira-instead-787c120f,en
TSLA,The AI Race Is On. Do Ambitious Startups Like OpenAI Stand A Chance Against Big Tech?,Investor's Business Daily,2024-12-16T13:00:03Z,https://www.investors.com/news/technology/ai-stocks-openai-artificial-intelligence-models-big-tech-google-meta/,en
TSLA,Elon Musk wants to make SpaceX's base an official company town,Quartz India,2024-12-13T14:30:00Z,https://qz.com/elon-musk-spacex-starbase-company-town-snailbrook-tesla-1851720533,en
TSLA,Trump says Elon Musk will put America before Tesla or SpaceX,Quartz India,2024-12-12T16:40:00Z,https://qz.com/donald-trump-elon-musk-conflict-interest-doge-tesla-1851719637,en
TSLA,Boeing's 737 Max plea deal was struck down for having too much DEI,Quartz India,2024-12-05T19:01:00Z,https://qz.com/boeing-737-max-plea-deal-rejected-dei-1851714711,en
TSLA,Jeff Bezos is betting millions on a Nvidia rival,Quartz India,2024-12-02T13:37:00Z,https://qz.com/jeff-bezos-expeditions-tenstorrent-nvidia-ai-chips-1851710966,en
TSLA,Elon Musk buying Twitter might not have been such a bad move after all,Quartz India,2024-12-02T13:02:00Z,https://qz.com/elon-musk-twitter-x-xai-purchase-social-media-trump-1851710949,en
TSLA,Delaware judge rejects request to restore Musk's $56 billion Tesla pay,Yahoo Entertainment,2024-12-02T21:56:08Z,https://finance.yahoo.com/news/delaware-judge-rejects-request-restore-215608088.html,en
TSLA,Why Tesla (TSLA) Is Among the Best Autonomous Driving Stocks to Buy According to Hedge Funds,Yahoo Entertainment,2024-12-09T21:13:33Z,https://finance.yahoo.com/news/why-tesla-tsla-among-best-211333403.html,en
TSLA,Tesla’s (TSLA) AI-Driven Success: Why Deutsche Bank Says It’s a Top 2025 Pick,Yahoo Entertainment,2024-12-10T23:37:17Z,https://consent.yahoo.com/v2/collectConsent?sessionId=1_cc-session_40323491-8255-4b22-ab2d-f20a49ba7cfe,en
TSLA,"Jim Cramer on Tesla, Inc. (TSLA): It’s More About the Ethos Than the Cars",Yahoo Entertainment,2024-12-20T03:12:47Z,https://consent.yahoo.com/v2/collectConsent?sessionId=1_cc-session_52ab702a-a016-4776-b24a-ba32cb7868d1,en
TSLA,Tesla Stock Leads Magnificent Seven Shares Higher,Investopedia,2024-12-24T15:49:59Z,https://www.investopedia.com/tesla-stock-leads-magnificent-seven-shares-higher-update-8766292,en
TSLA,Tesla Stock Heads Toward 400 For First Time Since 2022,Investor's Business Daily,2024-12-09T21:02:03Z,https://www.investors.com/news/tesla-stock-nears-400-for-first-time-since-2022/,en
TSLA,"What Is Tesla, Inc. (TSLA) The Best Lithium and Battery Stocks to Buy Now?",Yahoo Entertainment,2024-12-07T17:52:43Z,https://finance.yahoo.com/news/tesla-inc-tsla-best-lithium-175243610.html,en
TSLA,"Tesla (TSLA) and LiveOne Achieve 350,000 Subscribers, Enhancing In-Car Entertainment with AI",Yahoo Entertainment,2024-12-21T22:36:46Z,https://consent.yahoo.com/v2/collectConsent?sessionId=1_cc-session_d293befc-3e35-44cc-a081-c1f5ac8655bc,en
TSLA,Why Tesla (TSLA) Is Among the Best Stocks to Buy and Hold for 3 Years?,Yahoo Entertainment,2024-12-22T16:15:36Z,https://consent.yahoo.com/v2/collectConsent?sessionId=1_cc-session_99424e2d-3fdf-49c9-9793-6c3e0765b6ab,en
TSLA,Why Is Tesla (TSLA) the Best Self-Driving Technology Stock to Buy According to Hedge Funds?,Yahoo Entertainment,2024-12-11T12:16:27Z,https://finance.yahoo.com/news/why-tesla-tsla-best-self-121627093.html,en
TSLA,"Tesla, Inc. (TSLA) Upgraded by Roth MKM Amid AI-Driven Innovations and Market Optimism",Yahoo Entertainment,2024-12-03T18:51:22Z,https://consent.yahoo.com/v2/collectConsent?sessionId=1_cc-session_88ad98f5-d246-4206-b98b-3ca7abe06f35,en
TSLA,Trump Team Pushes to Scrap Crash Reporting Rule Opposed by Tesla (TSLA),Yahoo Entertainment,2024-12-18T07:17:50Z,https://finance.yahoo.com/news/trump-team-pushes-scrap-crash-071750403.html,en
TSLA,"TSLA, LI, or RIVN: Which EV Stock Could Deliver the Highest Upside Potential?",Yahoo Entertainment,2024-12-23T21:21:29Z,https://consent.yahoo.com/v2/collectConsent?sessionId=1_cc-session_a27a67a5-da42-4f35-9739-f1925cd9ee8e,en
TSLA,Will Sticky Inflation Stop The Fed Rate Cut?,Forbes,2024-12-15T12:00:00Z,https://www.forbes.com/sites/bill_stone/2024/12/15/will-sticky-inflation-stop-the-fed-rate-cut/,en
TSLA,5 companies that own the most Bitcoin,Yahoo Entertainment,2024-12-02T13:18:00Z,https://www.yahoo.com/tech/5-companies-own-most-bitcoin-131800433.html,en
TSLA,Is Tesla Stock A Buy Or A Sell After Analyst Hikes Price Target; 'Optimus Is Real',Investor's Business Daily,2024-12-05T21:20:12Z,https://www.investors.com/news/tesla-stock-buy-or-sell-donald-trump-effect-elon-musk/,en
TSLA,"Tesla recalls nearly 700,000 vehicles in US over tire pressure monitoring system issue",Yahoo Entertainment,2024-12-20T10:42:33Z,https://finance.yahoo.com/news/tesla-recalls-nearly-700-000-104233455.html,en
TSLA,Tesla : Perspective 2040 !,Typepad.com,2024-12-09T04:53:06Z,https://micheldeguilhermier.typepad.com/mdegblog/2024/12/tesla-perspective-2040-.html,en
TSLA,"What's ahead for the markets in 2025, according to experts",Quartz India,2024-12-16T10:00:00Z,https://qz.com/2025-stock-market-predictions-analyst-sp500-djia-nasdaq-1851713886,en
TSLA,Elizabeth Warren pushes Trump to clear up ethics concerns over Musk's DOGE gig,Quartz India,2024-12-17T17:51:57Z,https://qz.com/trump-elon-musk-warren-ethics-rules-tesla-spacex-wealth-1851722989,en
TSLA,Elon Musk pay defeat sets up a 2025 legal battle that could reach the Supreme Court,Yahoo Entertainment,2024-12-03T19:56:24Z,https://finance.yahoo.com/news/elon-musk-pay-defeat-sets-up-a-2025-legal-battle-that-could-reach-the-supreme-court-195624165.html,en
TSLA,5 Top Stocks To Buy In December 2024,Forbes,2024-12-05T19:27:43Z,https://www.forbes.com/sites/investor-hub/article/best-stocks-buy-now-december-2024/,en
TSLA,Tesla (TSLA) is reportedly exploring entering the Indian auto market again,Electrek,2024-12-10T17:50:39Z,http://electrek.co/2024/12/10/tesla-tsla-is-reportedly-exploring-entering-the-indian-auto-market-again/,en
TSLA,MicroStrategy's Addition to Nasdaq-100 May Pave Way for S&P 500 Inclusion: Benchmark,CoinDesk,2024-12-17T10:29:33Z,https://www.coindesk.com/markets/2024/12/17/micro-strategys-addition-to-nasdaq-100-may-pave-way-for-s-and-p-500-inclusion-benchmark,en
TSLA,Dow Jones Falls As These 2025 Risks Loom; Nvidia Dives On Microsoft News,Investor's Business Daily,2024-12-17T15:56:15Z,https://www.investors.com/market-trend/stock-market-today/dow-jones-sp500-nasdaq-nvidia-nvda-ai-stock/,en
TSLA,"Palantir, MicroStrategy Likely To Join Nasdaq 100; Will Moderna, Super Micro Get The Axe?",Investor's Business Daily,2024-12-13T15:02:39Z,https://www.investors.com/news/palantir-microstrategy-join-nasdaq-100-moderna-super-micro/,en
TSLA,"Stock market today: Dow slumps, S&P 500, Nasdaq slip as Wall Street assesses Fed's 2025 rate path",Yahoo Entertainment,2024-12-23T14:30:52Z,https://finance.yahoo.com/news/live/stock-market-today-dow-sp-500-slump-as-wall-street-assesses-feds-2025-rate-path-143052482.html,en
TSLA,The Nasdaq and S&P hit record highs on driven by tech gains,Yahoo Entertainment,2024-12-04T08:23:22Z,https://finance.yahoo.com/news/nasdaq-p-hit-record-highs-082322175.html,en
TSLA,Tesla (TSLA) sales in Europe are down 14% year-to-date and it’s time to worry,Electrek,2024-12-19T16:50:17Z,http://electrek.co/2024/12/19/tesla-tsla-sales-in-europe-are-down-14-year-to-date-and-its-time-to-worry/,en
TSLA,MicroStrategy's Additional $561M Bitcoin Bet: Bold Move or Bubble Waiting to Burst?,Yahoo Entertainment,2024-12-23T17:14:29Z,https://finance.yahoo.com/news/microstrategys-additional-561m-bitcoin-bet-171429102.html,en
TSLA,Elon Musk Hopes TSLA Stock Will Reach $690 As Analysts Raise Price Target Despite Technical Indicators Flashing Warning Signals,Yahoo Entertainment,2024-12-17T20:00:40Z,https://finance.yahoo.com/news/elon-musk-hopes-tsla-stock-200040644.html,en
TSLA,Tesla Announces Quarterly Deliveries Next Week. China Continues To Offer Good News.,Investor's Business Daily,2024-12-24T12:39:57Z,https://www.investors.com/news/tesla-stock-quarterly-deliveries-next-week-china-offers-good-news/,en
TSLA,"Jim Cramer on Tesla, Inc. (TSLA) CEO Elon Musk: ‘He May Be The Most Important Man In America For All I Know, As Long As He Stays Tight With Trump’",Yahoo Entertainment,2024-12-05T20:53:08Z,https://consent.yahoo.com/v2/collectConsent?sessionId=1_cc-session_8aa7d68f-259d-4020-b80a-7799bd7bb60f,en
TSLA,8 Stocks Drive 50% Of The Year's $11.8 Trillion Stock Gain,Investor's Business Daily,2024-12-06T17:22:14Z,https://www.investors.com/etfs-and-funds/sectors/sp500-stocks-drive-years-trillion-stock-gain/,en
TSLA,Stock Market Today: Dow Jones Sees Red; Palantir Fades As Tesla Tries To End Losing Streak (Live Coverage),Investor's Business Daily,2024-12-23T15:39:42Z,https://www.investors.com/market-trend/stock-market-today/dow-jones-sp500-nasdaq-palantir-pltr-tesla-tsla-stock/,en
TSLA,"Dow Jones Jumps Nearly 400 Points As Government Shutdown Looms; Nvidia Rises While Tesla, Trump Shares Drop (Live Coverage)",Investor's Business Daily,2024-12-20T15:58:11Z,https://www.investors.com/market-trend/stock-market-today/dow-jones-sp500-nasdaq-nvidia-stock-nvda-trump-stock/,en
TSLA,Big Tech is dominating the market once again — and that's probably just fine: Morning Brief,Yahoo Entertainment,2024-12-18T11:00:40Z,https://finance.yahoo.com/news/big-tech-is-dominating-the-market-once-again--and-thats-probably-just-fine-morning-brief-110040629.html,en
TSLA,Jobs Report: Implications For The Markets And The Fed,Forbes,2024-12-07T12:34:39Z,https://www.forbes.com/sites/bill_stone/2024/12/07/jobs-report-implications-for-the-markets-and-the-fed/,en
TSLA,Salesforce vs. Oracle Stock,Forbes,2024-12-10T09:00:00Z,https://www.forbes.com/sites/greatspeculations/2024/12/10/salesforce-vs-oracle-stock/,en
TSLA,"Bank Of America: “Optimus Accounts For Only A Single-digit Percentage Of Tesla’s Compute, But We Expect The Resources Available For Optimus Will Grow As The Robotaxi Technology Matures”",Wccftech,2024-12-05T11:38:36Z,https://wccftech.com/bank-of-america-optimus-accounts-for-only-a-single-digit-percentage-of-teslas-compute-but-we-expect-the-resources-available-for-optimus-will-grow-as-the-robotaxi-technology-matures/,en
TSLA,Tesla Rolls Out 'New Brain' Amid 40% Tear On Hopes Trump Will Clear Path For Self Driving,Investor's Business Daily,2024-12-02T21:04:50Z,https://www.investors.com/news/tesla-stock-new-driving-brain-hopes-trump-clears-self-driving-path/,en
AMZN,There's only 2 Magnificent 7 names this strategist likes for 2025,Yahoo Entertainment,2024-12-12T15:33:26Z,https://finance.yahoo.com/video/theres-only-2-magnificent-7-153326115.html,en
AMZN,Jeff Bezos says Blue Origin 'is not a very good business yet',Quartz India,2024-12-05T13:05:00Z,https://qz.com/jeff-bezos-blue-origin-amazon-spacex-business-1851714204,en
AMZN,Amazon's next-generation AI training chip is here,Quartz India,2024-12-03T16:39:00Z,https://qz.com/amazon-ai-training-chip-trainium-aws-cloud-computing-1851712037,en
AMZN,Amazon's 10 most viral items of 2024,Quartz India,2024-12-18T10:00:00Z,https://qz.com/amazons-top-viral-items-2024-tiktok-starbucks-charmin-1851719657,en
AMZN,Amazon reportedly doesn't have room for everyone it ordered to return to the office,Quartz India,2024-12-16T23:05:00Z,https://qz.com/amazon-rto-plans-delayed-space-shortages-retail-aws-1851722471,en
AMZN,"Amazon runs out of space, Starliner astronauts stay stuck in space, and wooing Trump: Tech news roundup",Quartz India,2024-12-21T14:00:00Z,https://qz.com/amazon-hybrid-work-rto-boeing-starliner-astronauts-1851726490,en
AMZN,Amazon might have a Christmas strike problem on its hands,Quartz India,2024-12-17T13:17:00Z,https://qz.com/amazon-teamsters-union-strike-walkout-christmas-holiday-1851722656,en
AMZN,"Amazon ignored warnings about workplace injuries and manipulated data, Bernie Sanders-led probe says",Quartz India,2024-12-16T14:51:00Z,https://qz.com/amazon-worker-safety-injuries-data-labor-bernie-sanders-1851721703,en
AMZN,Amazon is facing the 'largest' strike in its history ahead of the holidays,Quartz India,2024-12-19T13:15:00Z,https://qz.com/amazon-major-strike-walkouts-teamsters-union-labor-pay-1851725005,en
AMZN,Amazon joins Meta in donating $1 million to Trump's inauguration fund,Quartz India,2024-12-13T13:15:00Z,https://qz.com/amazon-donate-trump-jeff-bezos-meta-zuckerberg-pichai-1851720485,en
AMZN,"What's ahead for retail in 2025, according to a former Amazon executive",Quartz India,2024-12-16T10:00:00Z,https://qz.com/2025-retail-predictions-amazon-nike-starbucks-nordstrom-1851718508,en
AMZN,We asked 5 AI chatbots to pick stocks for 2025. Here's what they said,Quartz India,2024-12-19T19:37:00Z,https://qz.com/ai-chatbot-prediction-stocks-2025-chatgpt-gemini-meta-1851725553,en
AMZN,"Musk's DOGE allies, Bezos and Altman stand tall, and Biden's AI chip war isn't over: Politics news roundup",Quartz India,2024-12-06T10:00:00Z,https://qz.com/musk-doge-bezos-altman-trump-biden-ai-china-1851714874,en
AMZN,"Amazon should buy Bitcoin, shareholders say",Quartz India,2024-12-09T16:42:04Z,https://qz.com/amazon-shareholders-add-bitcoin-1851716582,en
AMZN,What’s Happening With Amazon Stock?,Forbes,2024-12-11T15:15:59Z,https://www.forbes.com/sites/greatspeculations/2024/12/11/whats-happening-with-amazon-stock/,en
AMZN,Morgan Stanley Analyst Says Meta Platforms (META) ‘Farthest Along’ in AI Monetization,Yahoo Entertainment,2024-12-02T17:48:03Z,https://finance.yahoo.com/news/morgan-stanley-analyst-says-meta-174803364.html,en
AMZN,Stock Market Today: Nasdaq Outperforms After Jobs Data; Coinbase Snaps Back (Live Coverage),Investor's Business Daily,2024-12-06T17:13:36Z,https://www.investors.com/market-trend/stock-market-today/nasdaq-sp500-dow-jones-lululemon-stock-tesla-stock/,en
AMZN,Amazon's top 10 Black Friday deals under $50,Quartz India,2024-11-25T18:18:37Z,https://qz.com/amazon-black-friday-2024-deals-apple-charger-roku-tv-1851707328,en
AMZN,Nvidia's Blackwell chip could push the company into a new stratosphere as the AI revolution continues,Yahoo Entertainment,2024-12-18T11:00:15Z,https://finance.yahoo.com/news/nvidias-blackwell-chip-could-push-the-company-into-a-new-stratosphere-as-the-ai-revolution-continues-110015637.html,en
AMZN,"Amazon, Walmart, and Target's top 10 last minute Christmas deals",Quartz India,2024-12-19T10:00:00Z,https://qz.com/amazon-walmart-target-christmas-2024-deals-apple-se-1851724519,en
AMZN,10 states where data centers use the most electricity,Quartz India,2024-12-02T13:30:00Z,https://qz.com/us-states-data-centers-electricity-use-share-ai-tech-1851708857,en
AMZN,Americans spending increased in November — with one exception,Quartz India,2024-12-17T18:33:00Z,https://qz.com/retail-sales-increase-november-auto-online-sales-1851723051,en
AMZN,The Trump administration's billionaires are worth more than $450 billion. Here's who they are,Quartz India,2024-12-16T17:45:00Z,https://qz.com/trump-rich-cabinet-billionaires-musk-lutnick-rfk-jr-1851718924,en
AMZN,Weakened Target Faces China Competition On Black Friday,Biztoc.com,2024-11-29T13:50:25Z,https://biztoc.com/x/441e0c0b1913ea7a,en
AMZN,Microsoft shareholders vote against Bitcoin investment,Quartz India,2024-12-10T17:20:00Z,https://qz.com/microsoft-shareholders-vote-against-invest-bitcoin-1851717592,en
AMZN,Amazon's $25 flight deal is back. Here's what you need to know,Quartz India,2024-12-09T21:32:00Z,https://qz.com/amazon-25-flight-deal-christamas-flying-inflation-1851717022,en
AMZN,OpenAI is deepening its ties to the defense industry,Quartz India,2024-12-04T21:02:00Z,https://qz.com/openai-defense-tech-anduril-ai-antidrone-us-military-1851713818,en
AMZN,The Dow gains 200 points as Salesforce and other tech stocks rise,Quartz India,2024-12-04T15:38:00Z,https://qz.com/dow-salesforce-tech-stock-adp-report-rate-cuts-1851713262,en
AMZN,Stanley is in hot water after recalling travel mugs over burning hazard,Quartz India,2024-12-13T15:47:12Z,https://qz.com/stanley-cup-mugs-recall-1851720680,en
AMZN,Nvidia stock climbs over 3.5% after slumping into correction territory,Quartz India,2024-12-18T16:37:00Z,https://qz.com/nvidia-stock-rise-correction-broadcom-ai-chip-microsoft-1851724078,en
AMZN,Nestle just launched a protein shot for weight loss that helps promote GLP-1 production,Quartz India,2024-12-18T17:35:02Z,https://qz.com/nestle-protein-shot-boost-glp-1-1851724305,en
AMZN,"Amazon Stock Could Go to Almost $3 Trillion Next Year, According to 1 Wall Street Analyst",Biztoc.com,2024-12-02T14:18:10Z,https://biztoc.com/x/7d873770123b50b9,en
AMZN,D.C. lawsuit accuses Amazon of secretly stopping fast deliveries to two predominantly Black zip codes,Biztoc.com,2024-12-04T14:38:46Z,https://biztoc.com/x/2028d12e27bc21d2,en
AMZN,3 Reasons to Buy Amazon Stock Like There's No Tomorrow,Biztoc.com,2024-12-25T10:29:29Z,https://biztoc.com/x/416497230e154707,en
AMZN,The influencer lawsuit that could change the industry,The Verge,2024-11-26T14:32:51Z,https://www.theverge.com/2024/11/26/24303161/amazon-influencers-lawsuit-copyright-clean-aesthetic-girl-sydney-nicole-gifford-alyssa-sheil,en
AMZN,Elon Musk is so rich he makes Jeff Bezos and Mark Zuckerberg look poor,Quartz India,2024-12-11T18:19:00Z,https://qz.com/elon-musk-net-worth-wealth-spacex-tesla-xai-bezos-meta-1851718701,en
AMZN,"It's Black Friday, the biggest day in retail. Here's what to know",Quartz India,2024-11-29T05:01:00Z,https://qz.com/black-friday-2024-deals-retail-amazon-walmart-target-1851707566,en
AMZN,Sam Altman joins Mark Zuckerberg and Jeff Bezos in donating $1 million to Trump's inaugural fund,Quartz India,2024-12-13T20:00:00Z,https://qz.com/sam-altman-donate-million-zuckerberg-bezos-donald-trump-1851721035,en
AMZN,Starbucks workers in 3 cities are on strike before Christmas,Quartz India,2024-12-20T13:44:00Z,https://qz.com/starbucks-strike-christmas-pay-raise-labor-amazon-1851726088,en
AMZN,The winners and losers of Black Friday,Quartz India,2024-12-02T18:12:00Z,https://qz.com/apple-target-homegoods-placer-ai-black-friday-winners-1851711236,en
AMZN,Black Friday was more online than ever before,Quartz India,2024-12-02T16:24:00Z,https://qz.com/black-friday-10-billion-online-sales-adobe-data-retail-1851711100,en
AMZN,Jeff Bezos doesn't think Elon Musk will use his political power against business rivals,Quartz India,2024-12-05T15:32:00Z,https://qz.com/jeff-bezos-elon-musk-political-power-business-trump-1851714320,en
AMZN,AT&T is joining Amazon in ordering employees back to the office 5 days a week,Quartz India,2024-12-18T13:28:00Z,https://qz.com/att-rto-office-mandate-remote-hybrid-work-amazon-1851723750,en
AMZN,Expensive leases are driving companies to implement return-to-work policies: study,Quartz India,2024-12-17T15:49:00Z,https://qz.com/expensive-leases-are-driving-return-to-work-policies-1851722820,en
AMZN,Elon Musk weighs in on whether he would abuse his growing political influence,Quartz India,2024-12-06T17:12:00Z,https://qz.com/elon-musk-abuse-power-conflicts-bezos-openai-altman-1851715530,en
AMZN,Nordstrom is finally going private in a $6.25 billion deal,Quartz India,2024-12-23T16:05:00Z,https://qz.com/nordstrom-private-deal-amazon-walmart-retail-1851727478,en
AMZN,"‘I’ve nothing saved for retirement’: I’m 50 and earn $45,000. I don’t have a 401(k) match. Should I put 10% of my salary in a Roth IRA instead?",MarketWatch,2024-11-30T16:09:00Z,https://www.marketwatch.com/story/i-have-nothing-saved-for-retirement-im-50-and-earn-45-000-i-dont-have-a-401-k-match-should-i-put-10-of-my-salary-in-a-roth-ira-instead-787c120f,en
AMZN,The AI Race Is On. Do Ambitious Startups Like OpenAI Stand A Chance Against Big Tech?,Investor's Business Daily,2024-12-16T13:00:03Z,https://www.investors.com/news/technology/ai-stocks-openai-artificial-intelligence-models-big-tech-google-meta/,en
AMZN,Nvidia dominated 2024 big-time. Next year? Plenty of challenges.,Yahoo Entertainment,2024-12-24T11:00:47Z,https://finance.yahoo.com/news/nvidia-dominated-2024-big-time-next-year-plenty-of-challenges-110047391.html,en
AMZN,Meta is the latest tech giant to turn to nuclear to power its AI ambitions,Quartz India,2024-12-04T13:15:00Z,https://qz.com/meta-platforms-nuclear-energy-ai-power-1851713076,en
AMZN,Amazon and Walgreens are trying to make healthcare more accessible with technology,Quartz India,2024-12-12T10:00:00Z,https://qz.com/amazon-walgreens-pharmacy-forbes-healthcare-summit-1851716032,en
AMZN,Elon Musk wants to make SpaceX's base an official company town,Quartz India,2024-12-13T14:30:00Z,https://qz.com/elon-musk-spacex-starbase-company-town-snailbrook-tesla-1851720533,en
AMZN,Trump says Elon Musk will put America before Tesla or SpaceX,Quartz India,2024-12-12T16:40:00Z,https://qz.com/donald-trump-elon-musk-conflict-interest-doge-tesla-1851719637,en
AMZN,'Everybody wants to be my friend': Tech CEOs can't get enough of Donald Trump,Quartz India,2024-12-16T18:49:00Z,https://qz.com/donald-trump-tech-ceos-apple-google-amazon-cook-bezos-1851722093,en
AMZN,Jeff Bezos is betting millions on a Nvidia rival,Quartz India,2024-12-02T13:37:00Z,https://qz.com/jeff-bezos-expeditions-tenstorrent-nvidia-ai-chips-1851710966,en
AMZN,Walmart had a gangbusters year,Quartz India,2024-12-18T17:23:00Z,https://qz.com/walmart-2024-strategic-wins-retail-tech-consumers-1851724008,en
AMZN,Tesla Stock Leads Magnificent Seven Shares Higher,Investopedia,2024-12-24T15:49:59Z,https://www.investopedia.com/tesla-stock-leads-magnificent-seven-shares-higher-update-8766292,en
AMZN,5 Stock Buys And Sells From Top Billionaire Investors,Forbes,2024-12-07T20:21:55Z,https://www.forbes.com/sites/johndobosz/2024/12/07/5-stock-buys-and-sells-from-top-billionaire-investors/,en
AMZN,Amazon Stock Gets Price Target Hike On Generative AI Momentum,Investor's Business Daily,2024-12-10T21:10:43Z,https://www.investors.com/news/technology/amazon-stock-amzn-generative-ai-aws-price-targe-hike/,de
AMZN,Jobs Report: Implications For The Markets And The Fed,Forbes,2024-12-07T12:34:39Z,https://www.forbes.com/sites/bill_stone/2024/12/07/jobs-report-implications-for-the-markets-and-the-fed/,en
AMZN,Will Sticky Inflation Stop The Fed Rate Cut?,Forbes,2024-12-15T12:00:00Z,https://www.forbes.com/sites/bill_stone/2024/12/15/will-sticky-inflation-stop-the-fed-rate-cut/,en
AMZN,8 Stocks Drive 50% Of The Year's $11.8 Trillion Stock Gain,Investor's Business Daily,2024-12-06T17:22:14Z,https://www.investors.com/etfs-and-funds/sectors/sp500-stocks-drive-years-trillion-stock-gain/,en
AMZN,"Amazon.com, Inc. (AMZN) Among Billionaire Ken Fisher’s Top Stock Picks Heading Into 2025",Yahoo Entertainment,2024-12-02T21:53:00Z,https://finance.yahoo.com/news/amazon-com-inc-amzn-among-215300160.html,en
AMZN,"Amazon.com, Inc. (AMZN): AWS Partners with Keppel to Drive AI, Renewable Energy, and Data Center Innovation",Yahoo Entertainment,2024-12-08T18:31:18Z,https://consent.yahoo.com/v2/collectConsent?sessionId=1_cc-session_474c4843-81b4-4183-9f29-cb6411a9ced7,en
AMZN,Why Is Amazon.com Inc. (AMZN) Among the Best Tech Stocks for Long Term Investment?,Yahoo Entertainment,2024-12-07T06:17:12Z,https://consent.yahoo.com/v2/collectConsent?sessionId=1_cc-session_119d3104-5b24-42ce-8c1c-296fb6d0baae,en
AMZN,Amazon.com (AMZN) Invests $4B in Anthropic: A Strategic Move to Challenge NVIDIA in AI,Yahoo Entertainment,2024-11-27T01:05:27Z,https://consent.yahoo.com/v2/collectConsent?sessionId=1_cc-session_d9f23c14-7f59-41ca-9dd2-adab73c6a785,en
AMZN,Amazon.com (AMZN) Secures $158M AI-Powered Cloud Contract with US Army,Yahoo Entertainment,2024-11-28T07:39:28Z,https://consent.yahoo.com/v2/collectConsent?sessionId=1_cc-session_d66603ac-f466-4c3e-8d14-f5804848d379,en
AMZN,Comcast Migrates 5G Core Network to AWS; Stock Down,Yahoo Entertainment,2024-12-03T16:28:58Z,https://finance.yahoo.com/news/comcast-migrates-5g-core-network-162858823.html,en
AMZN,Walmart's big 2024 is partly thanks to an age-old strategy,Quartz India,2024-12-23T10:00:00Z,https://qz.com/walmart-target-costco-private-label-retail-1851725338,en
AMZN,Dan Niles Says He Likes Amazon.com (AMZN) Amid Upcoming Holiday Season Following ‘Great Quarter’,Yahoo Entertainment,2024-12-02T15:44:52Z,https://consent.yahoo.com/v2/collectConsent?sessionId=1_cc-session_e80cb1cc-41ca-4a43-ad32-18bb482a0b02,en
AMZN,Amazon (AMZN) Switches From Algo To AI For Prime Video Recommendations,Yahoo Entertainment,2024-12-13T15:41:25Z,https://www.yahoo.com/tech/amazon-amzn-switches-algo-ai-154125860.html,en
AMZN,Hedge Funds Think Amazon.com (AMZN) Is the Best Growth Stock to Invest in Now,Yahoo Entertainment,2024-12-21T14:08:42Z,https://consent.yahoo.com/v2/collectConsent?sessionId=1_cc-session_4e63e02a-7781-47fe-8a50-ba0abc7654c4,en
AMZN,6 Top Undervalued Stocks To Buy In December 2024,Forbes,2024-12-06T19:26:44Z,https://www.forbes.com/sites/investor-hub/article/best-undervalued-stocks-to-buy-december-2024/,en
AMZN,Amazon (AMZN) Bets Big on AI with Next-Gen Data Center Innovations,Yahoo Entertainment,2024-12-07T18:55:25Z,https://finance.yahoo.com/news/amazon-amzn-bets-big-ai-185525634.html,en
AMZN,Qualivian Investment Partners is Confident in the Long-Term Outlook for Amazon (AMZN),Yahoo Entertainment,2024-12-17T13:13:51Z,https://finance.yahoo.com/news/qualivian-investment-partners-confident-long-131351479.html,en
AMZN,Why Amazon.com (AMZN) Is the Best Stock to Buy and Hold for 3 Years?,Yahoo Entertainment,2024-12-22T16:21:22Z,https://finance.yahoo.com/news/why-amazon-com-amzn-best-162122103.html,en
AMZN,Amazon.com (AMZN) Sees Price Target Raised to $290 by Tigress Financial Amid Strong AI Integration,Yahoo Entertainment,2024-12-24T20:54:25Z,https://finance.yahoo.com/news/amazon-com-amzn-sees-price-205425221.html,en
AMZN,Amazon Shareholders Push for Minimum 5% Bitcoin Allocation,CoinDesk,2024-12-09T05:15:54Z,https://www.coindesk.com/markets/2024/12/09/amazon-shareholders-push-for-minimum-5-bitcoin-allocation,en
AMZN,Trump just gave a new signal he isn't going to let up on Big Tech,Yahoo Entertainment,2024-12-05T15:20:23Z,https://finance.yahoo.com/news/trump-just-gave-a-new-signal-he-isnt-going-to-let-up-on-big-tech-152023282.html,en
AMZN,"Palantir, MicroStrategy Likely To Join Nasdaq 100; Will Moderna, Super Micro Get The Axe?",Investor's Business Daily,2024-12-13T15:02:39Z,https://www.investors.com/news/palantir-microstrategy-join-nasdaq-100-moderna-super-micro/,en
AMZN,The Nasdaq and S&P hit record highs on driven by tech gains,Yahoo Entertainment,2024-12-04T08:23:22Z,https://finance.yahoo.com/news/nasdaq-p-hit-record-highs-082322175.html,en
AMZN,Amazon Faces Major Proposal to Invest 5% of Assets in Bitcoin,Yahoo Entertainment,2024-12-09T11:41:29Z,https://finance.yahoo.com/news/amazon-faces-major-proposal-invest-114129246.html,en
AMZN,Ways To Invest In Tesla Beyond Buying TSLA Stock,Forbes,2024-12-09T21:46:09Z,https://www.forbes.com/sites/investor-hub/article/ways-to-invest-in-tesla-tsla-stock/,en
AMZN,Waack Girls S01 1080p AMZN WEB-DL H264-playWEB,Rlsbb.cc,2024-11-25T20:19:44Z,https://post.rlsbb.cc/waack-girls-s01-1080p-amzn-web-dl-h264-playweb/,en
AMZN,Derelict Rescue S02E08 1080p AMZN WEB-DL H264-RAWR,Rlsbb.cc,2024-11-25T23:02:08Z,https://post.rlsbb.cc/derelict-rescue-s02e08-1080p-amzn-web-dl-h264-rawr/,de
AMZN,Nurse Exorcist 2018 1080p AMZN WEB-DL H264-DUSKLiGHT,Rlsbb.cc,2024-11-25T17:26:56Z,https://post.rlsbb.cc/nurse-exorcist-2018-1080p-amzn-web-dl-h264-dusklight/,en
AMZN,Teen Titans Go S08E36 720p AMZN WEB-DL H264-NTb,Rlsbb.cc,2024-11-25T20:36:30Z,https://post.rlsbb.cc/teen-titans-go-s08e36-720p-amzn-web-dl-h264-ntb/,en
AMZN,Witches 2024 1080p AMZN WEB-DL H264-Kitsune,Rlsbb.cc,2024-11-25T19:23:43Z,https://post.rlsbb.cc/witches-2024-1080p-amzn-web-dl-h264-kitsune/,de
AMZN,Neon Heart 2018 720p AMZN WEB-DL H264-MeLON,Rlsbb.cc,2024-11-25T18:16:29Z,https://post.rlsbb.cc/neon-heart-2018-720p-amzn-web-dl-h264-melon/,en
AMZN,13 Secrets 2016 1080p AMZN WEB-DL H264-DUSKLiGHT,Rlsbb.cc,2024-11-25T17:44:45Z,https://post.rlsbb.cc/13-secrets-2016-1080p-amzn-web-dl-h264-dusklight/,en
AMZN,Ballistic 2024 1080p AMZN WEB-DL H264-FLUX,Rlsbb.cc,2024-11-26T06:53:59Z,https://post.rlsbb.cc/ballistic-2024-1080p-amzn-web-dl-h264-flux/,en
AMZN,Letters At Christmas 2024 720p AMZN WEB-DL H264-FLUX,Rlsbb.cc,2024-11-26T06:20:32Z,https://post.rlsbb.cc/letters-at-christmas-2024-720p-amzn-web-dl-h264-flux/,en
AMZN,Elevation 2024 720p AMZN WEB-DL H264-FLUX,Rlsbb.cc,2024-11-26T05:04:45Z,https://post.rlsbb.cc/elevation-2024-720p-amzn-web-dl-h264-flux/,en
